app_id,student_id,uni_id,program_id,anko_program_type,apply_date,status,decision_days,visa_status,enrollment_date,agent_score
1,3,35,137,1+4,2020-01-30,Accepted,30,Rejected,,45
2,3,21,82,Fall Bachelor,2019-09-28,Accepted,68,Approved,,31
3,4,11,42,6+6,2019-09-23,Enrolled,45,Approved,2020-02-15,36
4,6,4,13,6+6,2019-06-12,Enrolled,53,Approved,2019-11-02,36
5,6,7,25,1+4,2019-04-15,Withdrawn,64,N/A,,46
6,7,6,23,6+6,2019-05-25,Rejected,41,N/A,,45
7,7,35,139,Fall Bachelor,2019-10-21,Rejected,32,N/A,,39
8,7,1,3,6+6,2019-03-21,Enrolled,35,Approved,2019-07-24,26
9,8,45,177,1+4,2019-07-02,Rejected,26,N/A,,18
10,8,17,68,1+4,2020-04-09,Withdrawn,67,N/A,,26
11,10,17,66,1+4,2019-05-14,Enrolled,55,Approved,2019-10-07,41
12,10,37,145,6+6,2020-03-18,Enrolled (delayed),52,Approved,2022-09-22,34
13,10,1,4,1+4,2019-08-07,Rejected,43,N/A,,49
14,11,5,17,Fall Bachelor,2020-10-09,Withdrawn,34,N/A,,47
15,11,38,150,1+4,2020-02-03,Enrolled (delayed),55,Approved,2021-02-13,36
16,11,32,125,1+4,2019-08-15,Enrolled,34,Approved,2019-12-30,40
17,13,26,103,1+4,2019-04-05,Accepted,42,Approved,,33
18,13,45,177,1+4,2019-09-21,Enrolled,23,Approved,2020-01-30,60
19,13,22,87,Fall Bachelor,2019-09-18,Enrolled,46,Approved,2020-01-29,49
20,14,2,6,6+6,2019-06-21,Withdrawn,62,N/A,,36
21,14,48,192,6+6,2020-04-07,Cancelled,21,N/A,,40
22,17,12,47,6+6,2019-11-25,Withdrawn,42,N/A,,38
23,17,41,161,1+4,2019-03-14,Rejected,35,N/A,,34
24,17,24,95,1+4,2019-07-05,Enrolled,32,Approved,2019-11-11,31
25,18,44,176,6+6,2020-04-22,Withdrawn,67,N/A,,25
26,18,14,55,6+6,2019-11-11,Rejected,46,N/A,,17
27,21,17,65,Fall Bachelor,2019-10-17,Enrolled,38,Approved,2020-02-23,51
28,21,30,118,Fall Bachelor,2019-08-22,Enrolled,34,Approved,2019-11-27,49
29,21,9,33,6+6,2019-11-19,Enrolled,56,Approved,2020-03-29,38
30,21,28,111,1+4,2019-07-21,Enrolled,40,Rejected,2019-11-18,42
31,21,41,161,1+4,2019-07-16,Enrolled,45,Approved,2019-11-18,43
32,22,3,9,6+6,2019-11-10,Enrolled,57,Approved,2020-04-11,40
33,23,42,167,1+4,2019-11-28,Withdrawn,35,N/A,,13
34,23,45,179,6+6,2019-10-14,Rejected,10,N/A,,34
35,24,13,51,Fall Bachelor,2020-01-21,Accepted,33,Approved,,37
36,24,33,131,6+6,2019-12-23,Rejected,59,N/A,,46
37,25,40,158,Fall Bachelor,2019-11-01,Enrolled,55,Pending,2020-04-11,38
38,25,43,169,6+6,2019-03-11,Rejected,52,N/A,,33
39,26,19,76,6+6,2019-11-02,Enrolled,32,Approved,2020-03-17,53
40,28,38,150,1+4,2019-10-04,Enrolled,56,Approved,2020-03-13,48
41,28,3,9,6+6,2020-01-08,Cancelled,34,N/A,,53
42,29,7,28,6+6,2019-03-08,Accepted,78,Pending,,49
43,29,23,89,6+6,2019-05-02,Rejected,58,N/A,,57
44,30,18,72,6+6,2020-07-15,Enrolled (delayed),44,Approved,2022-08-10,23
45,31,13,52,6+6,2019-06-12,Rejected,37,N/A,,39
46,31,17,65,Fall Bachelor,2019-09-08,Rejected,42,N/A,,43
47,32,45,179,6+6,2019-07-04,Accepted,53,Approved,,11
48,32,3,12,6+6,2019-09-26,Rejected,47,N/A,,19
49,32,43,169,6+6,2019-09-05,Rejected,55,N/A,,24
50,33,26,103,1+4,2020-02-19,Accepted,14,Approved,,32
51,33,33,130,Fall Bachelor,2020-03-29,Withdrawn,29,N/A,,33
52,33,9,33,6+6,2019-11-21,Enrolled,32,Approved,2020-03-30,60
53,34,13,52,6+6,2020-05-20,Enrolled (delayed),42,Approved,2022-03-09,37
54,34,3,11,1+4,2019-05-27,Rejected,79,N/A,,24
55,34,7,25,1+4,2019-06-01,Enrolled,10,Approved,2019-08-25,27
56,36,31,121,1+4,2019-11-22,Rejected,38,N/A,,12
57,36,21,83,6+6,2019-11-28,Rejected,12,N/A,,21
58,37,34,134,Fall Bachelor,2019-10-13,Accepted,21,Pending,,45
59,39,32,125,1+4,2019-05-04,Enrolled,31,Rejected,2019-09-17,26
60,40,9,35,6+6,2019-11-16,Submitted,51,N/A,,33
61,40,10,40,6+6,2019-11-27,Rejected,52,N/A,,17
62,41,16,61,6+6,2019-07-28,Rejected,27,N/A,,37
63,42,18,70,6+6,2019-11-03,Withdrawn,43,N/A,,20
64,42,19,75,6+6,2019-08-01,Enrolled,88,Approved,2020-01-09,37
65,44,31,124,1+4,2020-03-02,Cancelled,50,N/A,,43
66,45,3,9,6+6,2020-09-23,Withdrawn,43,N/A,,17
67,45,35,140,6+6,2020-02-29,Withdrawn,57,N/A,,17
68,48,18,70,6+6,2020-11-18,Enrolled (delayed),78,Approved,2022-03-14,33
69,48,14,55,6+6,2019-03-23,Accepted,41,Approved,,58
70,51,36,144,6+6,2020-09-24,Enrolled (delayed),35,Approved,2022-04-01,26
71,51,19,74,1+4,2020-02-19,Withdrawn,27,N/A,,43
72,51,2,5,6+6,2020-01-11,Cancelled,59,N/A,,45
73,53,32,125,1+4,2020-03-05,Enrolled (delayed),34,Approved,2021-08-30,52
74,53,44,173,1+4,2019-10-31,Accepted,11,Approved,,43
75,56,25,98,6+6,2020-08-12,Cancelled,38,N/A,,31
76,57,31,123,6+6,2021-02-26,Accepted,54,Approved,,37
77,58,48,191,1+4,2020-11-01,Accepted,43,Approved,,34
78,59,42,167,1+4,2020-07-31,Enrolled (delayed),50,Approved,2022-11-18,56
79,61,32,127,1+4,2020-10-21,Cancelled,52,N/A,,38
80,62,36,143,1+4,2021-03-07,Accepted,36,Approved,,45
81,63,1,3,6+6,2020-10-08,Cancelled,44,N/A,,43
82,63,17,66,1+4,2020-11-17,Enrolled (delayed),22,Approved,2024-01-11,53
83,63,10,38,1+4,2020-06-23,Enrolled (delayed),32,Approved,2022-07-31,28
84,64,20,78,6+6,2020-10-10,Enrolled (delayed),33,Approved,2023-06-30,31
85,65,13,50,1+4,2020-05-01,Cancelled,54,N/A,,37
86,65,11,42,6+6,2020-12-26,Withdrawn,58,N/A,,39
87,65,6,22,1+4,2021-01-10,Accepted,81,Approved,,36
88,66,19,75,6+6,2021-10-26,Enrolled (delayed),30,Approved,2023-10-15,13
89,66,18,70,6+6,2021-11-11,Accepted,52,Approved,,27
90,66,18,70,6+6,2021-12-20,Cancelled,52,N/A,,13
91,67,4,14,6+6,2022-04-12,Enrolled (delayed),24,Approved,2023-04-21,45
92,67,28,109,6+6,2022-03-17,Cancelled,83,N/A,,41
93,67,32,125,1+4,2022-02-10,Cancelled,58,N/A,,42
94,67,14,56,1+4,2022-04-05,Withdrawn,61,N/A,,39
95,67,25,97,1+4,2022-03-05,Withdrawn,12,N/A,,36
96,69,19,73,6+6,2021-05-17,Withdrawn,33,N/A,,28
97,69,12,46,6+6,2021-06-27,Cancelled,83,N/A,,30
98,70,1,4,1+4,2022-01-16,Enrolled (delayed),32,Approved,2024-09-27,41
99,70,9,34,6+6,2021-11-17,Withdrawn,10,N/A,,40
100,70,18,70,6+6,2021-12-24,Enrolled (delayed),18,Approved,2024-04-16,26
101,70,10,39,1+4,2021-10-17,Enrolled (delayed),38,Approved,2023-03-31,28
102,70,49,196,1+4,2021-11-21,Cancelled,10,N/A,,37
103,71,20,79,6+6,2022-01-21,Enrolled (delayed),38,Approved,2023-05-22,8
104,71,47,188,6+6,2022-03-25,Withdrawn,28,N/A,,30
105,72,7,28,6+6,2022-12-26,Enrolled (delayed),60,Approved,2025-04-21,44
106,73,10,39,1+4,2022-04-17,Cancelled,50,N/A,,53
107,73,36,143,1+4,2021-12-01,Accepted,10,Approved,,47
108,73,32,127,1+4,2022-01-19,Withdrawn,27,N/A,,50
109,74,9,36,1+4,2023-01-09,Rejected,70,N/A,,43
110,74,10,40,6+6,2023-02-22,Enrolled,25,Approved,2023-06-20,56
111,74,26,104,1+4,2023-01-04,Enrolled,32,Approved,2023-05-05,36
112,74,7,26,1+4,2022-11-04,Accepted,47,Approved,,58
113,75,34,136,Fall Bachelor,2022-11-09,Enrolled (delayed),36,Approved,2025-03-27,38
114,75,8,32,1+4,2022-12-08,Withdrawn,57,N/A,,44
115,76,15,60,1+4,2022-08-12,Accepted,27,Approved,,47
116,77,47,188,6+6,2022-12-04,Withdrawn,41,N/A,,25
117,78,15,59,6+6,2022-04-13,Cancelled,46,N/A,,54
118,78,38,149,1+4,2022-03-05,Accepted,57,Approved,,57
119,79,49,195,6+6,2023-01-28,Enrolled,45,Approved,2023-05-16,25
120,79,3,9,6+6,2023-04-07,Enrolled,60,Approved,2023-08-11,34
121,79,1,4,1+4,2022-03-22,Enrolled (delayed),82,Approved,2023-09-03,24
122,79,6,24,6+6,2022-08-20,Cancelled,48,N/A,,17
123,79,35,137,1+4,2022-05-06,Withdrawn,42,N/A,,33
124,80,45,177,1+4,2022-12-24,Cancelled,45,N/A,,37
125,80,38,152,6+6,2022-12-12,Cancelled,74,N/A,,53
126,81,38,152,6+6,2022-11-01,Withdrawn,58,N/A,,49
127,81,10,37,1+4,2022-11-01,Accepted,80,Approved,,55
128,81,2,5,6+6,2023-03-09,Rejected,17,N/A,,49
129,82,37,148,6+6,2022-12-25,Accepted,58,Approved,,31
130,82,19,73,6+6,2022-10-20,Withdrawn,10,N/A,,27
131,83,24,93,6+6,2022-11-24,Enrolled (delayed),38,Approved,2025-08-05,54
132,83,5,20,6+6,2023-01-25,Enrolled,44,Approved,2023-06-22,60
133,84,27,106,6+6,2022-12-08,Accepted,34,Approved,,55
134,84,46,182,6+6,2023-12-16,Enrolled,68,Approved,2024-05-31,37
135,86,7,26,1+4,2023-11-01,Rejected,49,N/A,,41
136,86,7,27,6+6,2022-07-07,Enrolled (delayed),44,Approved,2023-11-12,33
137,86,25,99,6+6,2022-06-15,Withdrawn,32,N/A,,45
138,87,32,128,1+4,2023-01-12,Enrolled,44,Approved,2023-05-01,26
139,88,39,155,Fall Bachelor,2023-08-08,Enrolled,72,Approved,2023-12-31,30
140,88,26,101,Fall Bachelor,2022-09-15,Cancelled,58,N/A,,42
141,88,39,156,1+4,2022-03-10,Enrolled (delayed),38,Pending,2024-11-07,51
142,88,12,45,Fall Bachelor,2022-10-28,Withdrawn,67,N/A,,34
143,88,9,36,1+4,2022-09-07,Withdrawn,52,N/A,,40
144,89,43,170,6+6,2022-06-19,Withdrawn,27,N/A,,25
145,90,27,106,6+6,2022-12-16,Accepted,51,Approved,,53
146,91,7,27,6+6,2023-12-25,Under Review,28,Pending,,42
147,93,47,188,6+6,2023-04-28,Rejected,23,N/A,,32
148,93,35,137,1+4,2023-06-26,Enrolled,71,Approved,2023-12-15,46
149,94,3,12,6+6,2024-01-27,Accepted,42,Rejected,,47
150,94,8,29,1+4,2024-01-16,Enrolled,49,Approved,2024-06-27,49
151,94,44,176,6+6,2024-11-16,Enrolled,51,Approved,2025-03-22,35
152,94,25,99,6+6,2024-02-24,Enrolled,44,Approved,2024-07-22,49
153,94,5,19,1+4,2023-12-09,Enrolled,63,Approved,2024-05-13,47
154,95,8,30,Master/PhD,2023-08-10,Rejected,55,N/A,,34
155,96,7,25,1+4,2023-10-01,Rejected,66,N/A,,41
156,96,35,139,Fall Bachelor,2024-08-11,Enrolled,42,Pending,2024-12-25,64
157,97,13,51,Fall Bachelor,2024-08-14,Enrolled,24,Rejected,2024-12-18,50
158,97,2,7,6+6,2023-09-04,Rejected,26,N/A,,58
159,97,33,131,6+6,2023-07-10,Enrolled,33,Approved,2023-11-12,44
160,97,39,155,Fall Bachelor,2023-10-21,Enrolled,18,Approved,2024-01-17,40
161,99,2,6,6+6,2023-08-06,Rejected,64,N/A,,31
162,99,20,79,6+6,2023-07-14,Withdrawn,57,N/A,,34
163,100,12,46,6+6,2023-08-01,Enrolled,29,Pending,2023-11-16,49
164,101,35,140,6+6,2023-10-11,Rejected,18,N/A,,32
165,104,20,77,1+4,2023-05-28,Withdrawn,37,N/A,,10
166,105,15,57,1+4,2023-12-18,Withdrawn,41,N/A,,58
167,106,37,148,6+6,2023-10-12,Enrolled,49,Approved,2024-03-25,35
168,106,31,122,6+6,2023-11-27,Enrolled,63,Approved,2024-04-05,31
169,107,30,120,6+6,2023-09-15,Enrolled,51,Rejected,2024-02-07,40
170,108,43,169,6+6,2023-12-28,Enrolled,27,Approved,2024-04-25,21
171,108,30,120,6+6,2023-12-14,Rejected,42,N/A,,29
172,108,9,33,6+6,2023-12-07,Rejected,30,N/A,,24
173,108,50,200,6+6,2024-02-01,Enrolled,42,Approved,2024-06-13,35
174,115,32,126,1+4,2024-09-19,Enrolled,38,Approved,2025-02-18,37
175,116,7,28,6+6,2024-01-01,Enrolled,40,Approved,2024-05-04,50
176,116,5,20,6+6,2023-12-07,Enrolled,54,Approved,2024-05-09,63
177,117,35,137,1+4,2023-08-13,Rejected,67,N/A,,25
178,118,12,46,6+6,2023-08-25,Accepted,44,Approved,,47
179,119,50,200,6+6,2023-07-15,Enrolled,29,Approved,2023-12-10,54
180,119,33,130,Fall Bachelor,2023-09-10,Enrolled,12,Approved,2024-01-14,61
181,122,31,122,6+6,2024-02-13,Rejected,48,N/A,,32
182,122,37,148,6+6,2024-03-17,Enrolled,52,Approved,2024-07-13,40
183,124,5,19,1+4,2023-08-29,Enrolled,22,Pending,2024-01-13,63
184,126,45,179,6+6,2024-01-08,Enrolled,79,Approved,2024-06-08,13
185,126,30,120,6+6,2024-02-09,Rejected,39,N/A,,14
186,126,20,78,6+6,2023-09-01,Rejected,70,N/A,,12
187,126,29,114,6+6,2023-09-05,Rejected,17,N/A,,18
188,126,27,106,6+6,2023-12-04,Withdrawn,37,N/A,,6
189,129,33,131,6+6,2023-10-22,Rejected,10,N/A,,38
190,129,48,190,6+6,2023-06-04,Enrolled,67,Approved,2023-10-17,22
191,130,2,6,6+6,2024-05-04,Enrolled,50,Approved,2024-08-30,47
192,130,18,69,6+6,2023-11-07,Enrolled,46,Approved,2024-03-02,49
193,130,45,180,Fall Bachelor,2023-05-11,Enrolled,104,Approved,2023-12-11,43
194,132,1,3,6+6,2023-10-11,Rejected,10,N/A,,35
195,133,40,160,6+6,2023-07-19,Enrolled,76,Approved,2023-12-18,38
196,134,25,97,1+4,2023-04-26,Enrolled,33,Rejected,2023-09-19,33
197,135,2,5,6+6,2024-02-22,Rejected,16,N/A,,22
198,136,10,37,1+4,2024-01-13,Rejected,68,N/A,,11
199,137,37,145,6+6,2024-10-27,Enrolled,93,Approved,2025-05-18,31
200,139,9,36,1+4,2023-10-27,Enrolled,28,Approved,2024-02-01,52
201,139,17,65,Fall Bachelor,2024-01-16,Withdrawn,28,N/A,,45
202,139,7,26,1+4,2023-10-30,Withdrawn,50,N/A,,41
203,139,31,122,6+6,2024-06-16,Enrolled,58,Approved,2024-10-15,54
204,140,15,60,1+4,2024-03-05,Enrolled,26,Approved,2024-07-24,45
205,141,30,120,6+6,2023-08-13,Accepted,41,Approved,,41
206,141,3,9,6+6,2024-01-01,Under Review,58,Pending,,37
207,141,16,62,1+4,2023-08-04,Enrolled,10,Approved,2023-11-14,35
208,141,37,147,1+4,2023-09-12,Rejected,47,N/A,,32
209,141,35,140,6+6,2023-07-11,Withdrawn,60,N/A,,36
210,142,17,65,Fall Bachelor,2024-03-29,Accepted,85,Approved,,55
211,142,18,70,6+6,2024-03-20,Rejected,43,N/A,,61
212,143,22,85,6+6,2024-05-21,Enrolled,47,Approved,2024-09-19,27
213,143,32,126,1+4,2024-08-10,Rejected,26,N/A,,23
214,144,12,46,6+6,2023-06-12,Enrolled,33,Approved,2023-11-05,15
215,144,18,72,6+6,2023-09-23,Rejected,103,N/A,,28
216,146,34,135,6+6,2023-12-01,Enrolled,28,Approved,2024-04-06,41
217,147,11,42,6+6,2023-11-10,Accepted,11,Approved,,50
218,148,1,3,6+6,2024-08-24,Accepted,53,Approved,,49
219,149,34,134,Fall Bachelor,2024-09-07,Enrolled,55,Rejected,2025-01-10,30
220,149,24,93,6+6,2024-01-12,Enrolled,69,Approved,2024-06-09,44
221,149,48,189,1+4,2023-11-14,Enrolled,48,Approved,2024-03-10,34
222,149,38,150,1+4,2024-02-28,Enrolled,21,Approved,2024-06-06,40
223,149,35,139,Fall Bachelor,2024-10-13,Enrolled,18,Approved,2025-02-22,51
224,151,37,148,6+6,2023-07-01,Under Review,67,Pending,,40
225,152,6,24,6+6,2023-05-21,Rejected,64,N/A,,54
226,152,16,63,1+4,2023-10-23,Enrolled,52,Approved,2024-04-01,30
227,152,20,77,1+4,2023-02-12,Enrolled,49,Approved,2023-06-08,28
228,152,4,15,Fall Bachelor,2024-08-25,Rejected,49,N/A,,51
229,152,19,73,6+6,2023-07-12,Rejected,73,N/A,,32
230,153,8,30,Master/PhD,2024-01-03,Enrolled,25,Approved,2024-05-21,65
231,153,40,157,Master/PhD,2024-01-07,Enrolled,58,Approved,2024-06-22,57
232,154,18,71,Fall Bachelor,2024-03-05,Under Review,41,Pending,,47
233,154,1,3,6+6,2023-11-28,Rejected,26,N/A,,41
234,154,50,198,6+6,2024-01-30,Enrolled,89,Approved,2024-08-18,30
235,156,36,143,1+4,2023-03-22,Enrolled,21,Approved,2023-07-03,44
236,156,46,182,6+6,2023-08-19,Accepted,19,Approved,,40
237,156,4,13,6+6,2023-10-15,Rejected,31,N/A,,30
238,157,32,128,1+4,2024-01-21,Rejected,87,N/A,,43
239,157,42,166,6+6,2024-01-12,Withdrawn,33,N/A,,45
240,157,30,120,6+6,2023-10-18,Rejected,38,N/A,,62
241,158,19,76,6+6,2023-12-19,Enrolled,73,Approved,2024-05-27,31
242,160,43,170,6+6,2023-08-18,Withdrawn,33,N/A,,19
243,161,27,108,Master/PhD,2023-09-22,Enrolled,50,Approved,2024-02-28,50
244,161,23,92,Master/PhD,2023-09-23,Enrolled,36,Rejected,2024-01-25,37
245,163,46,183,1+4,2024-01-10,Enrolled,10,Approved,2024-05-05,28
246,163,42,166,6+6,2024-03-25,Enrolled,35,Approved,2024-07-28,28
247,163,9,33,6+6,2023-11-18,Rejected,61,N/A,,28
248,164,48,189,1+4,2024-11-11,Enrolled,31,Approved,2025-02-16,55
249,164,25,97,1+4,2024-01-05,Enrolled,32,Approved,2024-04-19,31
250,164,23,91,Fall Bachelor,2023-09-27,Enrolled,39,Approved,2024-01-12,45
251,165,33,131,6+6,2024-06-11,Enrolled,61,Rejected,2024-11-29,28
252,166,39,156,1+4,2024-10-08,Rejected,56,N/A,,26
253,166,16,63,1+4,2023-09-09,Rejected,63,N/A,,36
254,166,49,194,6+6,2023-11-13,Enrolled,63,Approved,2024-04-29,27
255,167,16,63,1+4,2023-12-01,Enrolled,65,Approved,2024-05-25,50
256,167,4,14,6+6,2023-10-23,Accepted,41,Approved,,46
257,168,13,52,6+6,2024-01-04,Under Review,10,Pending,,39
258,168,11,44,6+6,2023-09-04,Enrolled,48,Approved,2024-01-09,39
259,169,2,6,6+6,2023-05-21,Rejected,10,N/A,,14
260,169,10,40,6+6,2023-12-02,Rejected,58,N/A,,1
261,169,10,40,6+6,2024-01-13,Under Review,38,Pending,,11
262,170,27,107,Master/PhD,2023-09-04,Submitted,49,N/A,,46
263,170,8,30,Master/PhD,2023-09-06,Accepted,25,Approved,,34
264,171,14,55,6+6,2023-07-21,Enrolled,59,Approved,2023-12-03,28
265,171,18,69,6+6,2023-10-08,Rejected,54,N/A,,36
266,172,39,156,1+4,2024-01-16,Rejected,13,N/A,,19
267,172,2,5,6+6,2023-11-01,Rejected,68,N/A,,16
268,172,13,52,6+6,2024-07-13,Withdrawn,72,N/A,,19
269,174,21,83,6+6,2023-05-17,Rejected,44,N/A,,47
270,174,8,31,Fall Bachelor,2023-08-25,Enrolled,47,Approved,2024-01-09,38
271,174,12,46,6+6,2023-11-22,Enrolled,32,Pending,2024-03-05,46
272,174,15,58,Fall Bachelor,2023-06-08,Withdrawn,13,N/A,,43
273,178,24,95,1+4,2023-04-24,Rejected,22,N/A,,26
274,181,29,114,6+6,2023-08-31,Rejected,37,N/A,,11
275,181,34,135,6+6,2023-11-06,Rejected,45,N/A,,17
276,181,37,148,6+6,2023-08-30,Rejected,21,N/A,,15
277,183,50,199,6+6,2024-02-05,Enrolled,32,Approved,2024-06-27,47
278,184,47,186,1+4,2024-03-12,Enrolled,27,Approved,2024-07-07,37
279,184,41,164,6+6,2024-01-29,Accepted,21,Approved,,40
280,185,37,146,6+6,2023-12-14,Withdrawn,61,N/A,,28
281,185,3,9,6+6,2023-12-21,Enrolled,58,Pending,2024-06-15,16
282,187,6,22,1+4,2023-12-15,Rejected,64,N/A,,29
283,187,38,149,1+4,2024-01-21,Rejected,39,N/A,,48
284,189,23,90,6+6,2024-04-16,Rejected,10,N/A,,44
285,189,47,188,6+6,2023-11-28,Enrolled,36,Approved,2024-04-23,24
286,189,48,191,1+4,2023-12-04,Rejected,39,N/A,,33
287,190,50,199,6+6,2023-10-26,Withdrawn,27,N/A,,35
288,191,47,187,1+4,2023-11-02,Rejected,55,N/A,,28
289,191,37,146,6+6,2023-11-22,Withdrawn,10,N/A,,17
290,192,15,60,1+4,2023-10-09,Withdrawn,46,N/A,,31
291,193,29,114,6+6,2024-01-07,Rejected,33,N/A,,56
292,193,10,40,6+6,2023-12-27,Withdrawn,32,N/A,,25
293,194,37,145,6+6,2023-10-17,Withdrawn,51,N/A,,43
294,194,25,99,6+6,2023-06-29,Rejected,12,N/A,,33
295,195,36,141,Fall Bachelor,2023-10-19,Under Review,78,Pending,,43
296,195,1,1,Fall Bachelor,2023-12-12,Enrolled,41,Approved,2024-04-13,43
297,195,28,112,Fall Bachelor,2023-11-26,Rejected,41,N/A,,43
298,195,24,96,6+6,2024-08-03,Enrolled,73,Approved,2025-02-08,54
299,196,43,170,6+6,2023-11-13,Rejected,25,N/A,,54
300,197,10,40,6+6,2023-02-21,Rejected,14,N/A,,31
301,197,13,52,6+6,2023-11-23,Submitted,51,N/A,,17
302,197,17,66,1+4,2023-01-09,Rejected,72,N/A,,10
303,198,7,26,1+4,2024-04-11,Enrolled,86,Approved,2024-09-05,37
304,198,43,170,6+6,2024-04-19,Enrolled,81,Approved,2024-10-18,45
305,200,14,55,6+6,2024-01-12,Under Review,49,Pending,,37
306,201,14,53,1+4,2023-09-29,Under Review,41,Pending,,32
307,201,13,51,Fall Bachelor,2023-08-09,Enrolled,38,Approved,2024-01-12,29
308,202,37,146,6+6,2024-08-26,Accepted,61,Approved,,45
309,202,29,116,Fall Bachelor,2023-10-22,Accepted,49,Approved,,37
310,202,3,12,6+6,2023-07-16,Rejected,59,N/A,,47
311,202,39,156,1+4,2023-11-20,Rejected,39,N/A,,58
312,203,4,16,6+6,2023-04-23,Enrolled,32,Approved,2023-09-04,34
313,204,9,35,6+6,2023-08-17,Rejected,78,N/A,,51
314,205,4,16,6+6,2023-08-27,Enrolled,54,Approved,2024-01-20,42
315,207,34,133,1+4,2024-03-10,Enrolled,37,Approved,2024-08-02,41
316,209,24,94,1+4,2023-08-31,Enrolled,32,Approved,2023-12-19,40
317,210,19,75,6+6,2024-05-02,Enrolled,37,Approved,2024-08-22,43
318,211,4,13,6+6,2024-03-11,Enrolled,36,Approved,2024-07-03,32
319,211,40,160,6+6,2023-03-17,Enrolled,26,Approved,2023-08-10,44
320,211,4,16,6+6,2024-11-06,Rejected,45,N/A,,49
321,212,10,39,1+4,2023-11-18,Rejected,48,N/A,,24
322,212,10,40,6+6,2023-07-17,Enrolled,64,Pending,2023-12-20,37
323,212,21,83,6+6,2023-11-06,Rejected,44,N/A,,33
324,213,3,10,6+6,2023-03-06,Submitted,23,N/A,,36
325,213,43,172,Fall Bachelor,2023-08-02,Enrolled,46,Approved,2023-12-19,49
326,213,41,161,1+4,2024-10-15,Enrolled,54,Pending,2025-02-22,53
327,213,26,101,Fall Bachelor,2023-10-26,Enrolled,68,Approved,2024-04-12,45
328,213,18,69,6+6,2023-05-25,Rejected,57,N/A,,47
329,214,39,156,1+4,2023-08-14,Enrolled,73,Approved,2024-02-06,47
330,215,11,42,6+6,2023-03-26,Rejected,27,N/A,,19
331,216,10,37,1+4,2024-09-19,Rejected,62,N/A,,36
332,216,5,19,1+4,2023-09-28,Submitted,41,N/A,,27
333,216,46,184,1+4,2023-05-21,Withdrawn,10,N/A,,34
334,217,4,13,6+6,2024-04-02,Enrolled,47,Approved,2024-08-09,40
335,217,17,66,1+4,2024-03-20,Accepted,83,Approved,,44
336,217,38,150,1+4,2024-06-05,Rejected,45,N/A,,47
337,219,5,17,Fall Bachelor,2024-03-25,Enrolled,74,Approved,2024-08-11,51
338,220,31,123,6+6,2023-09-25,Rejected,90,N/A,,28
339,222,4,16,6+6,2023-03-17,Enrolled,66,Approved,2023-07-27,54
340,223,34,135,6+6,2023-09-10,Enrolled,71,Approved,2024-02-16,56
341,223,3,9,6+6,2023-08-31,Enrolled,23,Pending,2023-12-19,56
342,225,29,115,1+4,2023-09-03,Withdrawn,36,N/A,,20
343,226,9,36,1+4,2024-03-18,Enrolled,22,Approved,2024-06-19,22
344,227,44,176,6+6,2024-03-22,Enrolled,28,Approved,2024-07-31,36
345,227,31,122,6+6,2024-03-01,Enrolled,53,Approved,2024-07-01,33
346,228,19,74,1+4,2024-03-16,Rejected,61,N/A,,31
347,228,43,170,6+6,2024-03-21,Rejected,10,N/A,,15
348,228,40,160,6+6,2024-02-26,Rejected,30,N/A,,35
349,228,18,70,6+6,2024-01-27,Under Review,65,Pending,,19
350,228,4,13,6+6,2024-04-19,Under Review,49,Pending,,19
351,229,31,121,1+4,2023-04-11,Under Review,38,Pending,,41
352,229,34,133,1+4,2024-04-06,Rejected,10,N/A,,49
353,230,15,57,1+4,2024-02-06,Enrolled,68,Approved,2024-08-07,26
354,231,50,197,Master/PhD,2023-09-26,Accepted,48,Approved,,49
355,232,20,79,6+6,2024-03-23,Rejected,33,N/A,,38
356,233,12,48,Fall Bachelor,2023-08-27,Enrolled,93,Approved,2024-03-20,34
357,234,37,146,6+6,2023-07-06,Withdrawn,76,N/A,,34
358,236,32,125,1+4,2023-05-23,Withdrawn,36,N/A,,28
359,236,43,171,Fall Bachelor,2023-08-24,Accepted,76,Pending,,36
360,237,16,63,1+4,2023-08-16,Enrolled,34,Approved,2024-01-17,30
361,237,46,181,6+6,2023-10-09,Rejected,68,N/A,,31
362,238,18,69,6+6,2023-06-24,Enrolled,10,Approved,2023-10-28,48
363,239,19,75,6+6,2024-02-28,Under Review,10,Pending,,44
364,240,3,9,6+6,2024-03-29,Rejected,68,N/A,,27
365,240,37,148,6+6,2024-01-09,Enrolled,17,Approved,2024-05-02,53
366,240,22,85,6+6,2023-12-19,Enrolled,42,Approved,2024-05-19,37
367,241,49,196,1+4,2023-08-30,Rejected,36,N/A,,33
368,241,30,120,6+6,2023-08-09,Enrolled,15,Approved,2023-10-23,35
369,241,35,140,6+6,2023-12-23,Enrolled,10,Approved,2024-04-05,51
370,244,47,188,6+6,2023-10-16,Enrolled,47,Pending,2024-02-04,37
371,244,37,147,1+4,2024-01-13,Rejected,76,N/A,,10
372,245,20,78,6+6,2024-02-09,Submitted,25,N/A,,33
373,246,21,82,Fall Bachelor,2024-06-14,Enrolled,49,Approved,2024-11-22,38
374,246,26,101,Fall Bachelor,2023-08-17,Withdrawn,31,N/A,,33
375,247,16,63,1+4,2023-05-27,Rejected,67,N/A,,35
376,247,19,73,6+6,2023-09-20,Enrolled,41,Approved,2024-01-13,20
377,247,12,46,6+6,2023-12-07,Rejected,59,N/A,,43
378,247,38,150,1+4,2024-05-12,Withdrawn,27,N/A,,40
379,250,49,194,6+6,2024-03-20,Enrolled,36,Approved,2024-08-12,41
380,250,10,39,1+4,2023-01-20,Withdrawn,27,N/A,,30
381,251,1,4,1+4,2023-02-23,Withdrawn,26,N/A,,41
382,251,37,148,6+6,2023-07-23,Enrolled,59,Approved,2023-11-22,44
383,251,43,170,6+6,2023-03-25,Enrolled,26,Approved,2023-08-14,52
384,251,12,48,Fall Bachelor,2023-10-08,Enrolled,53,Approved,2024-03-18,46
385,252,16,61,6+6,2023-04-26,Enrolled,21,Approved,2023-08-29,47
386,252,45,180,Fall Bachelor,2023-08-08,Enrolled,44,Pending,2023-11-25,56
387,252,21,81,Fall Bachelor,2023-10-02,Enrolled,58,Approved,2024-02-24,54
388,252,11,43,Fall Bachelor,2023-10-03,Enrolled,52,Approved,2024-01-31,61
389,253,29,116,Fall Bachelor,2024-10-21,Rejected,53,N/A,,38
390,254,13,52,6+6,2024-09-10,Enrolled,35,Approved,2025-01-04,40
391,257,11,44,6+6,2024-05-09,Enrolled,71,Rejected,2024-10-16,31
392,257,46,181,6+6,2024-01-18,Rejected,61,N/A,,39
393,258,7,26,1+4,2023-10-28,Rejected,51,N/A,,39
394,259,5,17,Fall Bachelor,2023-09-01,Enrolled,66,Approved,2024-02-11,48
395,260,6,23,6+6,2023-11-07,Enrolled,54,Approved,2024-03-21,30
396,260,13,50,1+4,2023-11-24,Enrolled,36,Approved,2024-03-02,32
397,260,47,187,1+4,2024-06-07,Enrolled,56,Approved,2024-10-24,39
398,261,23,89,6+6,2023-12-12,Rejected,51,N/A,,15
399,262,32,127,1+4,2023-06-02,Enrolled,54,Approved,2023-10-15,27
400,263,20,79,6+6,2024-05-16,Rejected,65,N/A,,1
401,263,39,153,6+6,2024-01-22,Under Review,59,Pending,,18
402,264,13,52,6+6,2024-04-27,Enrolled,45,Approved,2024-09-21,32
403,265,32,125,1+4,2023-04-18,Enrolled,54,Approved,2023-09-29,33
404,265,40,158,Fall Bachelor,2023-10-22,Enrolled,25,Approved,2024-01-29,29
405,266,41,163,Master/PhD,2023-08-24,Enrolled,49,Approved,2024-02-09,41
406,268,23,90,6+6,2023-07-23,Enrolled,55,Approved,2024-01-14,21
407,268,43,171,Fall Bachelor,2023-08-18,Under Review,36,Pending,,48
408,269,25,97,1+4,2023-11-02,Rejected,43,N/A,,29
409,270,10,40,6+6,2024-02-17,Enrolled,79,Approved,2024-08-30,46
410,270,6,23,6+6,2024-01-20,Rejected,15,N/A,,37
411,270,18,71,Fall Bachelor,2023-09-22,Under Review,67,Pending,,35
412,272,37,145,6+6,2024-01-01,Under Review,72,Pending,,12
413,272,17,68,1+4,2023-12-06,Enrolled,53,Rejected,2024-05-15,16
414,273,20,77,1+4,2023-05-19,Rejected,13,N/A,,29
415,276,42,166,6+6,2023-09-22,Enrolled,20,Approved,2024-01-12,37
416,276,13,50,1+4,2023-10-20,Enrolled,24,Approved,2024-02-26,30
417,276,8,32,1+4,2023-06-12,Rejected,64,N/A,,37
418,277,10,37,1+4,2024-03-05,Withdrawn,54,N/A,,26
419,277,28,109,6+6,2024-05-16,Rejected,11,N/A,,24
420,278,37,146,6+6,2023-09-25,Enrolled,29,Approved,2024-01-02,46
421,280,46,182,6+6,2023-11-09,Rejected,69,N/A,,15
422,281,4,16,6+6,2025-04-27,Rejected,45,N/A,,48
423,281,26,102,Fall Bachelor,2025-05-08,Enrolled,30,Approved,2025-09-23,55
424,282,49,194,6+6,2024-09-26,Enrolled,38,Approved,2025-02-04,18
425,282,24,96,6+6,2024-12-14,Rejected,32,N/A,,38
426,283,38,152,6+6,2024-10-01,Rejected,33,N/A,,7
427,283,13,52,6+6,2024-09-04,Rejected,20,N/A,,17
428,283,23,90,6+6,2024-03-04,Enrolled,62,Approved,2024-08-16,26
429,285,14,54,6+6,2024-06-20,Enrolled,23,Approved,2024-10-19,40
430,287,11,42,6+6,2025-01-28,Accepted,46,Approved,,51
431,288,5,19,1+4,2024-07-29,Enrolled,10,Approved,2024-12-02,23
432,288,27,106,6+6,2024-12-09,Enrolled,32,Approved,2025-03-29,34
433,289,13,52,6+6,2025-01-13,Enrolled,56,Approved,2025-05-23,45
434,290,28,109,6+6,2025-01-06,Enrolled,60,Approved,2025-06-18,42
435,291,40,160,6+6,2024-10-31,Submitted,67,N/A,,43
436,293,48,189,1+4,2024-11-26,Rejected,59,N/A,,69
437,293,47,186,1+4,2025-02-14,Rejected,53,N/A,,43
438,294,43,170,6+6,2024-12-11,Withdrawn,54,N/A,,46
439,294,17,67,1+4,2024-09-26,Enrolled,38,Approved,2025-01-07,51
440,295,19,73,6+6,2025-03-03,Enrolled,69,Approved,2025-08-31,29
441,295,3,12,6+6,2024-12-22,Enrolled,43,Approved,2025-06-03,56
442,295,24,94,1+4,2025-01-24,Rejected,39,N/A,,40
443,296,40,159,Master/PhD,2024-08-27,Enrolled,36,Approved,2025-01-10,53
444,297,2,6,6+6,2024-09-01,Accepted,60,Approved,,45
445,299,7,25,1+4,2025-02-11,Enrolled,19,Approved,2025-06-14,31
446,300,36,144,6+6,2024-10-04,Enrolled,25,Approved,2025-02-13,41
447,300,25,99,6+6,2025-01-28,Enrolled,94,Approved,2025-07-07,38
448,301,34,135,6+6,2025-04-01,Rejected,35,N/A,,29
449,302,4,15,Fall Bachelor,2024-10-13,Enrolled,64,Approved,2025-03-23,40
450,303,33,131,6+6,2024-05-24,Enrolled,99,Approved,2024-11-01,42
451,303,2,5,6+6,2025-02-20,Enrolled,49,Approved,2025-06-12,37
452,303,28,112,Fall Bachelor,2024-09-28,Enrolled,40,Approved,2025-02-01,53
453,304,47,188,6+6,2024-09-10,Withdrawn,38,N/A,,28
454,305,7,25,1+4,2025-03-08,Enrolled,39,Approved,2025-07-12,31
455,305,34,135,6+6,2024-08-28,Accepted,34,Pending,,23
456,306,31,124,1+4,2025-04-09,Enrolled,58,Approved,2025-08-17,34
457,306,5,20,6+6,2025-05-13,Rejected,44,N/A,,32
458,306,32,127,1+4,2025-02-16,Enrolled,60,Approved,2025-07-03,23
459,307,38,150,1+4,2024-12-27,Enrolled,60,Approved,2025-05-10,48
460,307,50,199,6+6,2024-08-21,Enrolled,43,Pending,2024-12-07,58
461,310,10,39,1+4,2024-09-18,Under Review,49,Pending,,35
462,310,37,145,6+6,2025-04-06,Rejected,66,N/A,,33
463,312,13,52,6+6,2024-11-01,Enrolled,59,Approved,2025-03-28,40
464,315,23,90,6+6,2024-09-14,Enrolled,28,Approved,2024-12-17,47
465,315,27,106,6+6,2024-09-12,Rejected,35,N/A,,48
466,316,18,72,6+6,2025-03-03,Withdrawn,27,N/A,,22
467,317,32,126,1+4,2025-05-30,Enrolled,70,Approved,2025-10-24,43
468,318,19,75,6+6,2025-02-20,Submitted,39,N/A,,15
469,318,36,144,6+6,2025-01-03,Rejected,28,N/A,,17
470,318,43,169,6+6,2024-09-22,Rejected,51,N/A,,25
471,319,13,49,1+4,2024-03-26,Rejected,29,N/A,,40
472,319,32,127,1+4,2024-11-08,Enrolled,39,Approved,2025-03-27,54
473,320,10,39,1+4,2025-03-07,Accepted,10,Approved,,45
474,321,47,187,1+4,2025-05-29,Enrolled,33,Approved,2025-09-28,56
475,322,21,84,6+6,2025-05-23,Withdrawn,50,N/A,,49
476,323,12,46,6+6,2024-08-17,Withdrawn,54,N/A,,23
477,323,32,125,1+4,2024-12-04,Rejected,61,N/A,,27
478,324,8,30,Master/PhD,2025-03-08,Enrolled,45,Approved,2025-06-23,31
479,325,8,29,1+4,2024-08-31,Rejected,39,N/A,,35
480,326,50,200,6+6,2025-03-20,Enrolled,67,Approved,2025-08-25,32
481,327,25,98,6+6,2024-09-19,Enrolled,67,Approved,2025-02-08,56
482,328,19,74,1+4,2025-05-15,Enrolled,43,Approved,2025-09-28,33
483,328,47,186,1+4,2025-05-28,Enrolled,31,Approved,2025-09-04,32
484,329,45,180,Fall Bachelor,2024-10-13,Rejected,44,N/A,,25
485,330,47,188,6+6,2025-02-25,Enrolled,36,Approved,2025-06-24,29
486,331,20,79,6+6,2025-04-01,Enrolled,55,Approved,2025-08-24,22
487,331,43,170,6+6,2025-06-06,Rejected,60,N/A,,43
488,331,10,40,6+6,2025-04-17,Rejected,29,N/A,,36
489,333,23,89,6+6,2024-11-30,Enrolled,36,Approved,2025-04-09,35
490,333,32,126,1+4,2024-11-03,Enrolled,56,Approved,2025-03-11,42
491,334,7,28,6+6,2025-03-08,Enrolled,73,Approved,2025-08-12,49
492,335,42,168,1+4,2024-06-11,Under Review,71,Pending,,42
493,335,37,145,6+6,2024-07-26,Enrolled,61,Approved,2025-01-13,30
494,336,11,44,6+6,2024-04-21,Enrolled,29,Rejected,2024-09-07,29
495,336,34,133,1+4,2024-10-06,Enrolled,81,Approved,2025-04-15,21
496,337,10,40,6+6,2025-02-19,Rejected,42,N/A,,29
497,337,2,6,6+6,2025-05-31,Withdrawn,23,N/A,,20
498,337,48,190,6+6,2025-04-14,Submitted,40,N/A,,21
499,337,48,189,1+4,2024-12-25,Rejected,34,N/A,,10
500,338,38,152,6+6,2024-08-25,Accepted,38,Approved,,34
501,339,45,179,6+6,2024-11-07,Enrolled,57,Approved,2025-03-25,50
502,339,5,18,6+6,2024-06-05,Enrolled,63,Approved,2024-11-01,47
503,339,24,95,1+4,2025-04-12,Accepted,61,Approved,,44
504,339,43,169,6+6,2024-09-09,Enrolled,30,Approved,2025-01-18,57
505,340,35,137,1+4,2025-04-11,Enrolled,58,Approved,2025-08-13,35
506,340,49,195,6+6,2025-03-10,Rejected,25,N/A,,33
507,340,44,175,6+6,2025-01-18,Rejected,43,N/A,,37
508,340,13,49,1+4,2025-04-19,Rejected,11,N/A,,29
509,341,43,170,6+6,2024-06-23,Rejected,41,N/A,,33
510,341,12,46,6+6,2024-04-04,Rejected,21,N/A,,27
511,341,2,7,6+6,2024-06-03,Rejected,57,N/A,,33
512,343,38,152,6+6,2024-10-07,Rejected,47,N/A,,38
513,343,44,175,6+6,2024-12-10,Rejected,46,N/A,,35
514,343,2,7,6+6,2024-10-09,Rejected,39,N/A,,57
515,345,26,104,1+4,2024-05-23,Rejected,67,N/A,,20
516,345,32,127,1+4,2024-05-16,Enrolled,67,Approved,2024-11-16,27
517,345,37,147,1+4,2024-07-30,Rejected,12,N/A,,28
518,345,32,125,1+4,2025-01-16,Enrolled,36,Approved,2025-05-06,14
519,346,50,199,6+6,2025-01-10,Rejected,71,N/A,,38
520,347,44,175,6+6,2024-08-17,Submitted,28,N/A,,51
521,347,43,170,6+6,2024-09-18,Enrolled,41,Approved,2025-01-19,45
522,348,9,36,1+4,2024-03-26,Enrolled,36,Pending,2024-07-09,41
523,348,48,190,6+6,2024-04-22,Enrolled,10,Approved,2024-08-30,38
524,350,10,37,1+4,2024-02-26,Enrolled,34,Approved,2024-07-10,21
525,350,13,52,6+6,2024-12-03,Rejected,71,N/A,,27
526,350,48,192,6+6,2024-03-14,Withdrawn,41,N/A,,34
527,351,49,195,6+6,2025-01-21,Rejected,38,N/A,,14
528,352,20,78,6+6,2024-10-19,Accepted,31,Approved,,37
529,353,46,182,6+6,2025-01-27,Enrolled,28,Approved,2025-05-29,56
530,355,38,150,1+4,2025-04-01,Enrolled,40,Approved,2025-09-03,35
531,357,30,120,6+6,2025-03-05,Enrolled,49,Approved,2025-07-21,28
532,357,47,186,1+4,2025-02-04,Withdrawn,38,N/A,,35
533,357,18,69,6+6,2025-04-05,Rejected,80,N/A,,33
534,358,21,84,6+6,2025-01-23,Withdrawn,39,N/A,,38
535,358,20,79,6+6,2025-04-20,Enrolled,48,Approved,2025-08-24,40
536,358,32,127,1+4,2024-12-23,Rejected,34,N/A,,13
537,360,24,96,6+6,2025-05-09,Enrolled,74,Approved,2025-10-24,38
538,361,34,136,Fall Bachelor,2024-09-24,Rejected,28,N/A,,30
539,361,37,147,1+4,2024-08-26,Enrolled,53,Pending,2025-01-11,35
540,362,21,84,6+6,2024-03-16,Enrolled,53,Approved,2024-07-10,42
541,362,4,14,6+6,2024-06-21,Under Review,19,Pending,,52
542,362,26,103,1+4,2024-08-19,Rejected,13,N/A,,38
543,363,4,16,6+6,2024-10-25,Rejected,52,N/A,,54
544,363,4,13,6+6,2024-06-25,Enrolled,34,Rejected,2024-10-11,34
545,364,11,44,6+6,2024-09-16,Enrolled,48,Approved,2025-01-22,41
546,366,6,22,1+4,2024-11-03,Withdrawn,57,N/A,,51
547,367,18,72,6+6,2024-12-05,Withdrawn,78,N/A,,31
548,368,10,40,6+6,2024-05-30,Enrolled,19,Approved,2024-09-30,42
549,369,28,111,1+4,2024-04-08,Rejected,73,N/A,,34
550,369,49,195,6+6,2024-09-18,Submitted,68,N/A,,21
551,369,38,152,6+6,2024-05-07,Enrolled,55,Approved,2024-10-29,32
552,370,49,196,1+4,2025-04-24,Enrolled,92,Approved,2025-10-04,30
553,370,21,84,6+6,2024-07-24,Submitted,26,N/A,,35
554,371,24,94,1+4,2024-04-20,Withdrawn,77,N/A,,43
555,371,44,175,6+6,2024-04-13,Enrolled,66,Approved,2024-09-11,48
556,371,23,90,6+6,2024-05-03,Enrolled,38,Approved,2024-08-20,49
557,371,23,89,6+6,2024-03-06,Rejected,47,N/A,,43
558,373,11,44,6+6,2024-10-28,Enrolled,40,Approved,2025-02-13,47
559,373,38,149,1+4,2024-09-09,Enrolled,73,Approved,2025-02-18,59
560,373,4,14,6+6,2024-10-25,Rejected,33,N/A,,41
561,374,25,99,6+6,2025-02-21,Enrolled,41,Approved,2025-06-17,42
562,375,34,134,Fall Bachelor,2024-08-02,Enrolled,56,Approved,2024-12-20,37
563,376,30,120,6+6,2025-03-17,Enrolled,48,Approved,2025-08-05,38
564,377,8,32,1+4,2025-03-17,Rejected,20,N/A,,35
565,377,19,75,6+6,2024-11-12,Rejected,39,N/A,,48
566,378,10,38,1+4,2024-07-15,Enrolled,45,Approved,2024-11-01,47
567,378,34,133,1+4,2024-08-19,Enrolled,19,Approved,2025-01-04,38
568,378,41,164,6+6,2024-07-07,Enrolled,10,Approved,2024-10-01,42
569,379,7,27,6+6,2024-04-19,Withdrawn,53,N/A,,32
570,379,24,96,6+6,2025-04-02,Enrolled,42,Approved,2025-07-19,36
571,379,9,34,6+6,2024-03-22,Enrolled,79,Approved,2024-09-21,38
572,379,48,192,6+6,2024-07-15,Enrolled,22,Approved,2024-10-07,54
573,382,43,169,6+6,2024-08-19,Enrolled,70,Approved,2025-01-18,12
574,382,11,44,6+6,2024-08-16,Rejected,93,N/A,,23
575,383,23,89,6+6,2024-05-31,Rejected,42,N/A,,19
576,383,29,115,1+4,2024-07-16,Enrolled,38,Approved,2024-10-25,36
577,384,10,40,6+6,2024-07-15,Accepted,74,Approved,,49
578,384,27,107,Master/PhD,2025-03-22,Enrolled,46,Approved,2025-08-05,44
579,385,50,198,6+6,2025-02-11,Enrolled,67,Rejected,2025-07-02,37
580,386,50,198,6+6,2024-12-11,Rejected,99,N/A,,27
581,386,49,196,1+4,2024-08-13,Rejected,10,N/A,,13
582,386,24,96,6+6,2025-05-25,Accepted,47,Approved,,32
583,386,33,131,6+6,2024-10-20,Enrolled,52,Rejected,2025-03-20,39
584,387,39,153,6+6,2024-11-19,Accepted,70,Approved,,41
585,387,12,46,6+6,2024-12-20,Rejected,22,N/A,,37
586,388,31,122,6+6,2024-11-26,Enrolled,63,Approved,2025-04-21,44
587,388,46,181,6+6,2024-09-19,Enrolled,22,Approved,2025-02-06,26
588,389,2,6,6+6,2024-10-03,Enrolled,29,Approved,2025-01-04,40
589,389,22,87,Fall Bachelor,2024-10-11,Enrolled,61,Approved,2025-03-05,53
590,390,31,123,6+6,2025-05-20,Rejected,55,N/A,,42
591,390,32,125,1+4,2025-02-12,Enrolled,45,Approved,2025-06-20,52
592,391,1,3,6+6,2025-02-04,Rejected,44,N/A,,33
593,391,31,122,6+6,2025-04-11,Rejected,38,N/A,,38
594,392,33,130,Fall Bachelor,2025-01-20,Rejected,62,N/A,,34
595,393,25,97,1+4,2024-08-25,Rejected,53,N/A,,29
596,394,3,12,6+6,2024-08-19,Enrolled,10,Approved,2024-11-30,65
597,394,42,166,6+6,2024-10-16,Accepted,37,Approved,,49
598,394,29,113,Fall Bachelor,2024-10-27,Rejected,55,N/A,,62
599,394,42,167,1+4,2024-08-28,Enrolled,78,Approved,2025-03-02,56
600,396,10,39,1+4,2024-11-02,Submitted,53,N/A,,5
601,396,41,164,6+6,2025-03-01,Rejected,42,N/A,,21
602,397,7,26,1+4,2024-11-03,Accepted,35,Approved,,39
603,398,48,192,6+6,2024-05-23,Accepted,24,Approved,,46
604,398,37,147,1+4,2024-06-07,Rejected,49,N/A,,31
605,399,45,180,Fall Bachelor,2024-08-16,Enrolled,53,Approved,2025-01-02,53
606,400,33,131,6+6,2025-03-09,Enrolled,70,Rejected,2025-09-09,23
607,400,18,70,6+6,2024-09-16,Rejected,43,N/A,,31
608,401,5,20,6+6,2025-05-26,Under Review,14,Pending,,31
609,402,5,18,6+6,2025-01-25,Rejected,26,N/A,,31
610,403,18,69,6+6,2024-07-12,Under Review,30,Pending,,43
611,403,24,95,1+4,2024-07-20,Withdrawn,77,N/A,,50
612,404,46,181,6+6,2025-05-24,Enrolled,11,Approved,2025-09-27,53
613,404,22,85,6+6,2025-04-04,Enrolled,19,Rejected,2025-08-20,37
614,406,2,6,6+6,2024-04-15,Rejected,56,N/A,,32
615,406,24,96,6+6,2024-06-08,Enrolled,28,Approved,2024-09-14,42
616,408,23,90,6+6,2024-11-03,Rejected,35,N/A,,24
617,410,6,21,1+4,2024-04-15,Rejected,42,N/A,,48
618,410,4,15,Fall Bachelor,2024-07-24,Rejected,36,N/A,,37
619,411,31,123,6+6,2024-11-18,Enrolled,65,Approved,2025-05-13,55
620,411,3,9,6+6,2024-07-02,Rejected,12,N/A,,38
621,412,17,65,Fall Bachelor,2024-09-02,Enrolled,23,Approved,2024-11-27,41
622,413,42,165,Fall Bachelor,2025-01-05,Rejected,40,N/A,,25
623,413,1,2,Fall Bachelor,2025-03-27,Rejected,10,N/A,,45
624,414,11,44,6+6,2025-02-07,Enrolled,61,Approved,2025-06-29,51
625,415,3,9,6+6,2024-09-23,Rejected,62,N/A,,46
626,416,8,31,Fall Bachelor,2024-10-16,Accepted,42,Approved,,20
627,418,48,191,1+4,2025-01-14,Enrolled,24,Approved,2025-04-30,30
628,419,13,52,6+6,2024-03-13,Enrolled,39,Approved,2024-08-17,62
629,419,36,144,6+6,2024-10-16,Enrolled,40,Approved,2025-02-12,48
630,420,18,72,6+6,2024-12-03,Enrolled,20,Approved,2025-03-25,28
631,421,22,85,6+6,2024-03-15,Under Review,31,Pending,,39
632,421,6,21,1+4,2024-04-18,Rejected,45,N/A,,35
633,421,26,104,1+4,2024-03-01,Rejected,26,N/A,,27
634,421,16,61,6+6,2024-06-11,Enrolled,22,Approved,2024-10-24,20
635,421,42,168,1+4,2025-06-27,Rejected,54,N/A,,28
636,424,25,98,6+6,2025-06-22,Rejected,46,N/A,,37
637,424,40,160,6+6,2024-10-06,Rejected,22,N/A,,24
638,425,1,3,6+6,2024-08-08,Under Review,71,Pending,,40
639,425,19,75,6+6,2025-02-09,Rejected,44,N/A,,27
640,426,4,16,6+6,2024-04-18,Enrolled,51,Approved,2024-08-10,37
641,426,10,39,1+4,2024-03-21,Accepted,70,Approved,,30
642,428,28,112,Fall Bachelor,2024-09-14,Enrolled,22,Pending,2024-12-29,43
643,428,1,2,Fall Bachelor,2024-09-09,Enrolled,71,Pending,2025-02-25,54
644,431,6,21,1+4,2024-10-04,Enrolled,56,Pending,2025-02-23,39
645,431,37,145,6+6,2024-06-02,Enrolled,30,Approved,2024-10-04,49
646,431,19,73,6+6,2024-07-08,Enrolled,33,Approved,2024-10-19,56
647,432,36,144,6+6,2025-02-16,Rejected,35,N/A,,43
648,432,3,9,6+6,2025-04-27,Enrolled,60,Approved,2025-10-17,37
649,433,38,150,1+4,2025-02-21,Withdrawn,48,N/A,,21
650,434,4,13,6+6,2025-06-01,Enrolled,53,Approved,2025-10-07,48
651,434,9,33,6+6,2024-05-22,Accepted,22,Pending,,63
652,434,18,69,6+6,2024-12-25,Accepted,22,Pending,,52
653,437,44,176,6+6,2024-10-03,Rejected,45,N/A,,32
654,437,36,144,6+6,2024-05-14,Rejected,80,N/A,,34
655,438,18,69,6+6,2024-09-13,Rejected,14,N/A,,21
656,439,18,69,6+6,2024-11-05,Enrolled,29,Approved,2025-04-03,32
657,439,44,173,1+4,2024-08-19,Rejected,45,N/A,,32
658,439,37,146,6+6,2024-11-29,Rejected,37,N/A,,26
659,440,28,110,Master/PhD,2025-02-06,Rejected,22,N/A,,50
660,441,44,175,6+6,2024-06-12,Rejected,38,N/A,,20
661,442,2,5,6+6,2024-07-17,Enrolled,45,Approved,2024-12-17,42
662,442,32,125,1+4,2024-07-16,Withdrawn,49,N/A,,41
663,443,24,94,1+4,2024-07-12,Enrolled,49,Approved,2024-11-13,44
664,443,1,1,Fall Bachelor,2024-10-01,Enrolled,10,Approved,2024-12-27,19
665,444,37,148,6+6,2025-03-22,Under Review,79,Pending,,26
666,445,17,66,1+4,2025-04-12,Enrolled,51,Approved,2025-09-08,31
667,446,3,12,6+6,2025-04-15,Enrolled,19,Approved,2025-08-04,42
668,446,21,81,Fall Bachelor,2025-03-26,Enrolled,65,Approved,2025-08-06,53
669,446,48,190,6+6,2025-01-26,Rejected,56,N/A,,53
670,447,48,191,1+4,2024-04-25,Enrolled,62,Approved,2024-10-15,14
671,448,18,70,6+6,2024-08-04,Rejected,55,N/A,,31
672,450,16,61,6+6,2024-06-08,Enrolled,26,Approved,2024-10-16,36
673,450,18,71,Fall Bachelor,2024-08-25,Enrolled,34,Approved,2024-12-22,28
674,451,21,84,6+6,2024-11-17,Rejected,59,N/A,,16
675,452,31,123,6+6,2024-10-07,Enrolled,74,Approved,2025-03-13,51
676,454,3,12,6+6,2025-01-24,Enrolled,64,Approved,2025-06-14,57
677,454,8,32,1+4,2025-02-15,Enrolled,53,Approved,2025-06-21,36
678,456,47,188,6+6,2025-04-06,Enrolled,50,Approved,2025-08-18,31
679,456,12,47,6+6,2025-04-09,Under Review,29,Pending,,17
680,457,44,175,6+6,2024-11-24,Enrolled,28,Approved,2025-03-20,64
681,457,26,104,1+4,2024-12-30,Enrolled,81,Approved,2025-06-30,44
682,457,12,46,6+6,2025-02-12,Accepted,13,Pending,,32
683,458,38,152,6+6,2025-02-01,Withdrawn,44,N/A,,22
684,459,47,188,6+6,2024-11-01,Enrolled,34,Approved,2025-03-17,66
685,459,31,121,1+4,2024-06-15,Enrolled,70,Approved,2024-11-05,51
686,459,44,175,6+6,2024-12-04,Enrolled,32,Approved,2025-04-08,56
687,459,9,33,6+6,2024-05-25,Enrolled,39,Approved,2024-09-25,41
688,460,20,78,6+6,2025-05-26,Enrolled,59,Rejected,2025-10-28,50
689,460,5,18,6+6,2025-03-08,Enrolled,46,Approved,2025-07-13,35
690,461,5,18,6+6,2024-06-02,Rejected,17,N/A,,40
691,462,28,109,6+6,2024-12-07,Enrolled,22,Approved,2025-03-23,38
692,462,34,133,1+4,2025-04-23,Enrolled,23,Approved,2025-07-20,32
693,463,12,46,6+6,2024-05-17,Rejected,66,N/A,,48
694,465,12,45,Fall Bachelor,2025-01-23,Enrolled,47,Approved,2025-06-19,50
695,466,36,144,6+6,2025-03-25,Under Review,32,Pending,,9
696,466,2,6,6+6,2024-09-26,Rejected,55,N/A,,34
697,466,49,195,6+6,2024-12-22,Accepted,24,Approved,,26
698,467,46,183,1+4,2024-07-12,Enrolled,57,Approved,2024-11-29,60
699,467,7,25,1+4,2024-10-21,Enrolled,51,Approved,2025-02-19,32
700,467,4,14,6+6,2025-02-05,Enrolled,54,Approved,2025-07-09,63
701,467,19,73,6+6,2024-12-03,Enrolled,45,Approved,2025-04-01,53
702,468,35,140,6+6,2024-11-09,Withdrawn,45,N/A,,29
703,469,49,195,6+6,2025-03-20,Accepted,10,Approved,,16
704,469,49,194,6+6,2024-09-09,Submitted,24,N/A,,39
705,469,37,145,6+6,2025-04-14,Enrolled,55,Approved,2025-09-26,49
706,470,47,187,1+4,2024-03-05,Accepted,65,Approved,,38
707,471,6,22,1+4,2024-11-08,Rejected,37,N/A,,28
708,471,2,8,1+4,2025-04-26,Rejected,60,N/A,,30
709,472,14,56,1+4,2024-06-02,Enrolled,65,Approved,2024-11-15,30
710,472,49,194,6+6,2024-05-17,Enrolled,37,Approved,2024-10-06,43
711,473,5,18,6+6,2025-03-24,Withdrawn,38,N/A,,46
712,473,34,136,Fall Bachelor,2025-01-20,Rejected,26,N/A,,20
713,474,40,160,6+6,2024-05-04,Rejected,49,N/A,,30
714,475,31,122,6+6,2024-07-05,Rejected,55,N/A,,13
715,475,10,40,6+6,2025-06-16,Submitted,10,N/A,,9
716,477,16,62,1+4,2024-03-01,Under Review,50,Pending,,52
717,477,16,61,6+6,2024-09-26,Enrolled,33,Rejected,2025-02-16,18
718,477,12,45,Fall Bachelor,2024-10-18,Enrolled,55,Approved,2025-04-10,50
719,477,20,79,6+6,2025-03-09,Enrolled,33,Approved,2025-06-11,38
720,477,2,5,6+6,2025-01-02,Enrolled,58,Approved,2025-05-03,38
721,478,25,97,1+4,2024-10-30,Enrolled,26,Pending,2025-03-13,43
722,479,20,80,Master/PhD,2025-02-06,Enrolled,40,Approved,2025-07-04,31
723,479,39,154,Master/PhD,2025-06-08,Accepted,67,Approved,,34
724,480,5,19,1+4,2024-12-13,Enrolled,10,Pending,2025-03-12,54
725,480,11,41,Fall Bachelor,2024-10-16,Enrolled,54,Pending,2025-03-01,52
726,480,9,33,6+6,2024-10-19,Enrolled,36,Approved,2025-01-25,55
727,480,31,122,6+6,2025-01-06,Enrolled,10,Approved,2025-05-10,51
728,481,18,70,6+6,2025-01-05,Under Review,62,Pending,,27
729,481,48,189,1+4,2025-05-26,Rejected,85,N/A,,25
730,482,5,19,1+4,2024-09-07,Enrolled,34,Approved,2025-02-06,58
731,482,38,149,1+4,2024-03-23,Enrolled,59,Approved,2024-09-13,44
732,482,3,9,6+6,2024-04-06,Enrolled,31,Approved,2024-08-29,46
733,482,26,102,Fall Bachelor,2024-05-06,Enrolled,72,Approved,2024-10-07,61
734,483,27,106,6+6,2024-04-24,Withdrawn,39,N/A,,28
735,483,14,55,6+6,2024-07-01,Rejected,18,N/A,,17
736,484,34,136,Fall Bachelor,2024-09-21,Rejected,53,N/A,,23
737,485,8,32,1+4,2024-08-05,Rejected,54,N/A,,40
738,485,7,28,6+6,2024-08-16,Enrolled,28,Approved,2024-12-25,41
739,485,44,173,1+4,2024-10-09,Rejected,72,N/A,,38
740,486,38,149,1+4,2024-10-31,Rejected,22,N/A,,46
741,486,46,184,1+4,2024-11-10,Withdrawn,23,N/A,,37
742,486,37,146,6+6,2024-11-22,Rejected,41,N/A,,52
743,486,50,198,6+6,2024-10-21,Rejected,23,N/A,,39
744,487,27,106,6+6,2024-12-16,Enrolled,29,Approved,2025-05-12,34
745,489,47,186,1+4,2025-02-01,Enrolled,79,Approved,2025-07-24,45
746,489,32,126,1+4,2024-08-18,Rejected,48,N/A,,41
747,491,3,12,6+6,2025-04-23,Enrolled,10,Approved,2025-08-06,30
748,492,49,196,1+4,2025-03-24,Enrolled,44,Approved,2025-07-10,35
749,493,2,5,6+6,2024-11-27,Enrolled,38,Rejected,2025-04-11,54
750,493,30,118,Fall Bachelor,2024-10-16,Enrolled,55,Approved,2025-03-12,50
751,496,15,59,6+6,2024-06-27,Rejected,48,N/A,,43
752,496,36,144,6+6,2025-04-26,Enrolled,53,Pending,2025-08-24,19
753,497,2,5,6+6,2024-10-13,Accepted,56,Approved,,46
754,498,37,145,6+6,2025-06-20,Enrolled,10,Approved,2025-10-06,31
755,498,1,2,Fall Bachelor,2024-09-13,Rejected,43,N/A,,40
756,499,30,120,6+6,2024-12-03,Rejected,49,N/A,,15
757,500,26,104,1+4,2024-11-18,Enrolled,36,Approved,2025-03-18,6
758,501,45,178,1+4,2024-12-15,Rejected,39,N/A,,5
759,501,30,120,6+6,2024-10-15,Rejected,84,N/A,,12
760,504,3,9,6+6,2025-04-20,Enrolled,10,Approved,2025-07-17,42
761,507,11,44,6+6,2025-03-08,Withdrawn,80,N/A,,45
762,508,28,110,Master/PhD,2024-09-02,Enrolled,45,Approved,2025-01-27,49
763,508,39,154,Master/PhD,2024-08-12,Enrolled,70,Approved,2025-02-08,64
764,509,25,98,6+6,2024-12-20,Enrolled,47,Approved,2025-05-06,51
765,510,36,142,Master/PhD,2025-01-05,Accepted,31,Approved,,48
766,510,33,132,Master/PhD,2025-02-19,Enrolled,32,Approved,2025-06-15,51
767,510,41,162,Master/PhD,2025-05-11,Rejected,71,N/A,,41
768,511,44,176,6+6,2024-03-19,Rejected,38,N/A,,38
769,511,40,160,6+6,2024-07-26,Withdrawn,29,N/A,,28
770,514,44,173,1+4,2025-05-12,Enrolled,10,Approved,2025-09-13,35
771,515,46,184,1+4,2024-11-05,Accepted,13,Approved,,29
772,515,9,34,6+6,2024-10-22,Submitted,38,N/A,,23
773,516,3,10,6+6,2025-04-02,Enrolled,54,Approved,2025-08-03,45
774,516,23,90,6+6,2025-01-28,Enrolled,48,Approved,2025-06-02,27
775,516,5,20,6+6,2025-01-19,Rejected,53,N/A,,34
776,516,9,36,1+4,2024-11-19,Accepted,18,Approved,,51
777,516,35,139,Fall Bachelor,2025-03-03,Enrolled,49,Approved,2025-07-29,60
778,518,45,178,1+4,2024-10-16,Rejected,44,N/A,,28
779,521,14,55,6+6,2024-12-15,Rejected,73,N/A,,54
780,522,5,18,6+6,2025-06-19,Withdrawn,60,N/A,,36
781,522,25,97,1+4,2024-07-08,Rejected,76,N/A,,31
782,523,23,89,6+6,2024-08-22,Enrolled,30,Approved,2025-01-07,43
783,523,40,158,Fall Bachelor,2024-08-06,Rejected,22,N/A,,61
784,523,32,125,1+4,2024-08-31,Enrolled,37,Approved,2025-01-18,50
785,524,13,50,1+4,2024-05-08,Enrolled,51,Approved,2024-09-26,41
786,524,26,104,1+4,2024-10-03,Enrolled,70,Approved,2025-02-15,56
787,525,23,90,6+6,2024-09-21,Withdrawn,16,N/A,,33
788,525,37,147,1+4,2025-01-27,Rejected,63,N/A,,29
789,525,19,76,6+6,2024-12-16,Rejected,65,N/A,,25
790,526,14,53,1+4,2025-03-26,Enrolled,72,Approved,2025-09-12,63
791,526,5,18,6+6,2024-11-04,Enrolled,52,Approved,2025-03-05,49
792,528,34,135,6+6,2024-09-06,Enrolled,20,Approved,2025-01-16,34
793,529,31,122,6+6,2025-02-09,Enrolled,42,Approved,2025-07-12,37
794,529,30,118,Fall Bachelor,2024-09-28,Enrolled,37,Approved,2025-01-15,28
795,530,33,131,6+6,2024-12-17,Enrolled,42,Approved,2025-05-01,56
796,531,38,152,6+6,2024-09-23,Withdrawn,35,N/A,,23
797,531,13,50,1+4,2025-03-02,Rejected,36,N/A,,17
798,531,47,188,6+6,2024-09-03,Under Review,50,Pending,,14
799,532,1,3,6+6,2025-03-07,Enrolled,10,Approved,2025-07-14,51
800,532,31,121,1+4,2025-05-09,Enrolled,54,Approved,2025-10-19,36
801,532,20,78,6+6,2025-05-16,Rejected,36,N/A,,45
802,532,20,79,6+6,2024-12-03,Enrolled,63,Approved,2025-05-07,53
803,534,10,37,1+4,2024-11-14,Accepted,33,Approved,,55
804,534,20,78,6+6,2024-12-11,Submitted,44,N/A,,51
805,539,26,102,Fall Bachelor,2025-05-02,Withdrawn,73,N/A,,41
806,539,17,68,1+4,2024-12-18,Enrolled,57,Approved,2025-04-28,38
807,541,16,64,Master/PhD,2024-08-26,Accepted,54,Approved,,35
808,541,41,163,Master/PhD,2024-09-24,Accepted,45,Approved,,41
809,542,41,164,6+6,2025-01-13,Under Review,30,Pending,,47
810,542,18,69,6+6,2025-04-03,Rejected,58,N/A,,28
811,544,33,131,6+6,2024-11-25,Enrolled,43,Approved,2025-05-01,35
812,544,19,74,1+4,2024-12-17,Enrolled,24,Approved,2025-03-24,27
813,544,27,106,6+6,2024-10-13,Rejected,45,N/A,,15
814,546,35,137,1+4,2024-10-18,Rejected,40,N/A,,19
815,546,44,176,6+6,2024-08-13,Enrolled,34,Approved,2024-12-14,29
816,547,25,100,Master/PhD,2024-08-06,Accepted,49,Approved,,36
817,547,27,108,Master/PhD,2024-10-07,Rejected,57,N/A,,40
818,547,28,110,Master/PhD,2024-09-07,Rejected,101,N/A,,23
819,548,42,167,1+4,2024-12-07,Withdrawn,34,N/A,,26
820,548,15,60,1+4,2024-11-29,Enrolled,44,Approved,2025-04-02,39
821,549,49,196,1+4,2024-04-21,Enrolled,47,Approved,2024-08-14,31
822,549,43,170,6+6,2024-02-23,Enrolled,60,Approved,2024-08-14,22
823,549,47,187,1+4,2024-03-25,Rejected,34,N/A,,29
824,549,36,144,6+6,2024-11-07,Withdrawn,52,N/A,,34
825,550,32,128,1+4,2025-02-04,Enrolled,50,Approved,2025-06-04,26
826,551,27,106,6+6,2025-03-04,Enrolled,55,Approved,2025-06-28,34
827,551,34,133,1+4,2024-06-12,Enrolled,65,Approved,2024-11-09,23
828,552,43,169,6+6,2025-02-13,Enrolled,62,Pending,2025-07-07,42
829,552,45,179,6+6,2024-12-31,Accepted,23,Approved,,41
830,553,31,124,1+4,2024-10-20,Accepted,76,Rejected,,45
831,554,3,10,6+6,2024-08-15,Enrolled,69,Approved,2025-01-14,45
832,555,39,156,1+4,2024-06-28,Enrolled,63,Approved,2024-10-31,33
833,556,41,163,Master/PhD,2024-10-22,Rejected,82,N/A,,40
834,557,31,121,1+4,2025-06-10,Rejected,53,N/A,,27
835,557,12,46,6+6,2025-03-06,Rejected,31,N/A,,33
836,557,18,69,6+6,2025-02-26,Rejected,33,N/A,,44
837,557,41,161,1+4,2025-05-08,Rejected,27,N/A,,36
838,560,3,11,1+4,2024-12-26,Accepted,83,Approved,,59
839,560,10,37,1+4,2024-11-12,Enrolled,54,Approved,2025-03-18,39
840,561,26,102,Fall Bachelor,2024-12-31,Enrolled,62,Approved,2025-05-23,44
841,561,26,103,1+4,2025-02-25,Enrolled,44,Approved,2025-08-06,32
842,561,15,59,6+6,2025-01-24,Enrolled,53,Approved,2025-05-17,34
843,562,4,13,6+6,2024-11-05,Rejected,79,N/A,,48
844,562,2,7,6+6,2025-03-02,Rejected,64,N/A,,27
845,562,21,84,6+6,2024-12-06,Rejected,47,N/A,,45
846,562,2,6,6+6,2024-11-23,Enrolled,52,Approved,2025-04-27,50
847,563,33,131,6+6,2024-11-25,Enrolled,79,Approved,2025-05-28,15
848,563,24,96,6+6,2024-08-27,Rejected,57,N/A,,7
849,563,38,150,1+4,2024-06-27,Rejected,63,N/A,,28
850,563,2,8,1+4,2024-08-15,Rejected,10,N/A,,19
851,565,9,36,1+4,2025-05-10,Rejected,50,N/A,,29
852,565,4,13,6+6,2024-11-19,Enrolled,58,Pending,2025-03-30,44
853,566,13,49,1+4,2024-06-16,Rejected,55,N/A,,25
854,567,11,42,6+6,2024-09-17,Enrolled,21,Approved,2024-12-24,20
855,567,7,27,6+6,2024-06-22,Enrolled,78,Approved,2024-12-27,24
856,567,9,35,6+6,2024-04-28,Rejected,41,N/A,,24
857,568,28,109,6+6,2024-10-26,Enrolled,49,Approved,2025-02-12,33
858,568,34,135,6+6,2025-02-12,Rejected,39,N/A,,29
859,568,11,43,Fall Bachelor,2024-10-25,Rejected,28,N/A,,24
860,570,47,186,1+4,2024-11-27,Rejected,44,N/A,,41
861,572,19,76,6+6,2024-06-18,Accepted,68,Approved,,45
862,572,40,158,Fall Bachelor,2024-09-18,Enrolled,30,Approved,2025-02-03,36
863,572,44,176,6+6,2024-09-29,Enrolled,55,Approved,2025-02-08,38
864,574,48,192,6+6,2024-06-25,Rejected,10,N/A,,17
865,575,7,26,1+4,2024-08-07,Rejected,48,N/A,,52
866,575,2,7,6+6,2024-08-19,Accepted,61,Approved,,51
867,575,16,63,1+4,2024-11-05,Enrolled,25,Approved,2025-03-23,54
868,575,36,144,6+6,2024-11-25,Enrolled,10,Approved,2025-03-29,50
869,575,46,182,6+6,2024-11-20,Enrolled,13,Approved,2025-03-31,51
870,576,14,56,1+4,2024-06-26,Enrolled,55,Approved,2024-11-18,28
871,576,10,37,1+4,2024-04-17,Withdrawn,32,N/A,,34
872,577,25,97,1+4,2025-01-26,Enrolled,56,Approved,2025-07-01,30
873,577,31,123,6+6,2025-02-25,Enrolled,22,Approved,2025-07-06,37
874,578,17,67,1+4,2024-07-16,Rejected,18,N/A,,44
875,579,15,59,6+6,2025-01-31,Rejected,46,N/A,,41
876,579,28,109,6+6,2024-10-12,Withdrawn,12,N/A,,16
877,580,26,103,1+4,2025-01-14,Rejected,49,N/A,,17
878,580,3,12,6+6,2024-12-30,Enrolled,50,Approved,2025-06-18,32
879,580,14,54,6+6,2024-11-25,Rejected,69,N/A,,32
880,580,32,128,1+4,2025-03-06,Rejected,26,N/A,,30
881,580,13,52,6+6,2024-12-20,Enrolled,57,Approved,2025-06-10,32
882,581,32,126,1+4,2025-05-09,Enrolled,16,Rejected,2025-08-21,30
883,583,16,63,1+4,2024-09-23,Enrolled,38,Approved,2025-02-02,47
884,583,37,147,1+4,2025-05-05,Enrolled,68,Approved,2025-11-06,50
885,583,7,28,6+6,2024-06-10,Enrolled,79,Approved,2024-11-25,42
886,583,26,102,Fall Bachelor,2025-01-24,Enrolled,34,Approved,2025-05-09,54
887,584,10,37,1+4,2025-01-25,Enrolled,65,Approved,2025-07-09,29
888,584,5,20,6+6,2025-03-29,Rejected,34,N/A,,36
889,585,2,5,6+6,2024-10-21,Accepted,42,Approved,,47
890,586,30,118,Fall Bachelor,2024-10-15,Accepted,49,Pending,,29
891,586,3,12,6+6,2024-12-05,Rejected,42,N/A,,37
892,587,16,62,1+4,2025-01-02,Accepted,20,Approved,,31
893,587,13,50,1+4,2025-01-22,Enrolled,14,Approved,2025-05-29,28
894,588,18,70,6+6,2024-12-01,Enrolled,34,Approved,2025-03-14,5
895,588,32,125,1+4,2024-11-15,Rejected,26,N/A,,23
896,590,4,15,Fall Bachelor,2024-08-26,Enrolled,24,Approved,2024-12-25,50
897,590,27,105,Fall Bachelor,2024-09-16,Enrolled,43,Approved,2024-12-30,45
898,590,2,5,6+6,2024-12-01,Accepted,40,Approved,,64
899,591,6,23,6+6,2025-04-11,Accepted,38,Approved,,46
900,591,44,173,1+4,2025-03-20,Enrolled,44,Approved,2025-07-14,36
901,594,20,79,6+6,2025-03-10,Enrolled,24,Approved,2025-07-22,46
902,595,48,192,6+6,2025-04-26,Enrolled,49,Approved,2025-09-04,44
903,595,18,72,6+6,2024-12-02,Enrolled,61,Approved,2025-04-05,48
904,596,49,194,6+6,2025-02-18,Rejected,45,N/A,,18
905,596,14,56,1+4,2025-01-09,Rejected,60,N/A,,17
906,596,12,47,6+6,2024-10-19,Rejected,42,N/A,,23
907,596,26,104,1+4,2024-11-27,Under Review,72,Pending,,35
908,597,2,6,6+6,2025-01-20,Enrolled,28,Rejected,2025-05-25,44
909,598,20,78,6+6,2024-04-08,Enrolled,34,Approved,2024-07-16,37
910,598,6,23,6+6,2024-08-28,Withdrawn,53,N/A,,49
911,598,7,27,6+6,2024-09-19,Accepted,59,Approved,,44
912,599,5,18,6+6,2024-09-18,Enrolled,56,Approved,2025-01-13,53
913,599,36,141,Fall Bachelor,2024-08-17,Enrolled,45,Rejected,2025-01-18,41
914,599,17,68,1+4,2024-11-25,Withdrawn,28,N/A,,48
915,600,36,144,6+6,2025-01-22,Accepted,85,Approved,,27
916,601,17,65,Fall Bachelor,2024-10-07,Enrolled,46,Approved,2025-02-11,48
917,602,23,89,6+6,2024-08-10,Accepted,48,Approved,,44
918,602,43,169,6+6,2024-05-16,Accepted,31,Approved,,41
919,605,49,194,6+6,2024-10-15,Rejected,18,N/A,,26
920,605,37,148,6+6,2024-10-14,Submitted,55,N/A,,18
921,605,19,73,6+6,2025-01-01,Rejected,43,N/A,,25
922,606,25,98,6+6,2025-01-13,Enrolled,24,Approved,2025-04-18,52
923,606,31,122,6+6,2024-11-02,Enrolled,54,Approved,2025-04-20,49
924,607,32,125,1+4,2025-03-06,Rejected,78,N/A,,43
925,607,12,47,6+6,2025-02-15,Enrolled,54,Approved,2025-08-01,24
926,608,35,139,Fall Bachelor,2024-05-02,Enrolled,37,Approved,2024-09-22,44
927,608,32,126,1+4,2024-04-14,Accepted,21,Approved,,30
928,610,10,39,1+4,2024-07-07,Under Review,69,Pending,,45
929,611,32,125,1+4,2025-06-12,Enrolled,35,Pending,2025-09-24,46
930,611,22,85,6+6,2025-03-05,Withdrawn,28,N/A,,22
931,612,7,27,6+6,2024-12-15,Enrolled,57,Approved,2025-04-15,42
932,612,31,123,6+6,2024-09-26,Submitted,37,N/A,,31
933,612,48,191,1+4,2024-05-05,Accepted,40,Approved,,37
934,612,5,18,6+6,2025-01-11,Enrolled,33,Approved,2025-05-09,48
935,612,4,14,6+6,2024-11-28,Rejected,44,N/A,,35
936,613,3,12,6+6,2024-12-28,Enrolled,23,Approved,2025-03-31,31
937,613,1,3,6+6,2024-12-04,Enrolled,46,Approved,2025-04-09,34
938,613,31,121,1+4,2025-03-25,Enrolled,72,Pending,2025-10-02,24
939,614,35,138,Master/PhD,2025-02-23,Enrolled,66,Approved,2025-07-31,57
940,615,13,50,1+4,2025-01-11,Rejected,10,N/A,,49
941,615,1,4,1+4,2024-12-03,Under Review,54,Pending,,36
942,617,11,44,6+6,2025-05-22,Accepted,81,Pending,,33
943,619,6,22,1+4,2024-10-07,Rejected,25,N/A,,40
944,620,47,188,6+6,2025-05-21,Withdrawn,68,N/A,,36
945,622,7,26,1+4,2024-09-19,Enrolled,54,Approved,2025-02-18,48
946,624,31,122,6+6,2024-05-28,Enrolled,14,Approved,2024-08-27,20
947,626,44,176,6+6,2024-11-03,Withdrawn,38,N/A,,20
948,627,16,63,1+4,2024-10-24,Rejected,52,N/A,,41
949,627,44,176,6+6,2025-01-02,Rejected,20,N/A,,42
950,627,10,38,1+4,2024-11-15,Accepted,90,Approved,,42
951,628,12,46,6+6,2025-01-19,Withdrawn,16,N/A,,30
952,628,39,156,1+4,2024-09-10,Rejected,65,N/A,,28
953,629,16,61,6+6,2024-07-07,Under Review,23,Pending,,31
954,629,7,28,6+6,2024-08-12,Submitted,10,N/A,,39
955,630,36,143,1+4,2025-05-13,Accepted,33,Approved,,50
956,630,36,141,Fall Bachelor,2025-04-29,Rejected,52,N/A,,62
957,630,33,130,Fall Bachelor,2025-04-01,Enrolled,65,Approved,2025-09-11,33
958,631,12,45,Fall Bachelor,2025-03-23,Enrolled,12,Approved,2025-06-14,50
959,632,9,34,6+6,2024-07-07,Rejected,43,N/A,,20
960,632,47,187,1+4,2024-03-14,Enrolled,25,Rejected,2024-07-13,38
961,632,34,135,6+6,2024-10-21,Rejected,53,N/A,,29
962,633,15,59,6+6,2024-07-14,Enrolled,22,Approved,2024-10-11,44
963,634,19,73,6+6,2025-05-25,Enrolled,35,Approved,2025-10-11,42
964,635,6,22,1+4,2024-12-27,Enrolled,41,Approved,2025-05-20,42
965,635,20,78,6+6,2024-10-12,Enrolled,10,Approved,2025-01-15,23
966,635,12,45,Fall Bachelor,2024-09-03,Enrolled,52,Approved,2025-01-04,35
967,636,14,54,6+6,2024-09-16,Rejected,24,N/A,,40
968,636,13,50,1+4,2025-04-26,Withdrawn,70,N/A,,21
969,636,13,50,1+4,2025-04-19,Rejected,28,N/A,,34
970,639,22,86,Master/PhD,2024-10-08,Enrolled,47,Rejected,2025-01-25,62
971,639,39,154,Master/PhD,2024-10-25,Under Review,39,Pending,,41
972,639,27,107,Master/PhD,2024-08-17,Accepted,35,Approved,,32
973,639,35,138,Master/PhD,2024-09-19,Enrolled,84,Approved,2025-03-11,33
974,640,1,3,6+6,2024-05-27,Enrolled,50,Approved,2024-10-30,43
975,640,6,21,1+4,2024-10-06,Enrolled,19,Approved,2025-01-22,20
976,641,4,13,6+6,2024-04-28,Withdrawn,55,N/A,,49
977,644,21,82,Fall Bachelor,2025-05-08,Enrolled,28,Approved,2025-09-26,32
978,644,13,52,6+6,2025-05-16,Withdrawn,71,N/A,,31
979,644,36,143,1+4,2025-01-08,Rejected,28,N/A,,38
980,644,21,84,6+6,2025-02-25,Enrolled,21,Approved,2025-07-05,37
981,645,1,4,1+4,2025-01-03,Rejected,64,N/A,,41
982,646,29,114,6+6,2025-04-02,Rejected,24,N/A,,22
983,646,31,123,6+6,2025-01-27,Submitted,85,N/A,,18
984,646,43,169,6+6,2025-01-24,Rejected,67,N/A,,6
985,648,17,68,1+4,2024-05-16,Rejected,37,N/A,,28
986,648,8,32,1+4,2024-08-03,Enrolled,43,Approved,2025-01-12,31
987,649,22,85,6+6,2025-04-04,Enrolled,18,Approved,2025-07-30,34
988,649,15,59,6+6,2024-03-05,Rejected,72,N/A,,25
989,650,29,114,6+6,2025-02-20,Enrolled,16,Approved,2025-06-28,39
990,651,24,95,1+4,2024-07-10,Enrolled,25,Approved,2024-11-02,32
991,652,26,104,1+4,2024-04-10,Enrolled,64,Approved,2024-09-25,21
992,653,30,120,6+6,2024-11-19,Withdrawn,46,N/A,,45
993,653,31,122,6+6,2024-10-19,Enrolled,35,Approved,2025-02-06,57
994,654,11,44,6+6,2025-02-21,Rejected,67,N/A,,26
995,654,30,120,6+6,2024-12-07,Rejected,69,N/A,,13
996,654,6,23,6+6,2024-11-14,Rejected,52,N/A,,22
997,655,14,54,6+6,2024-10-08,Rejected,61,N/A,,17
998,656,47,188,6+6,2024-08-11,Withdrawn,56,N/A,,40
999,657,5,19,1+4,2024-02-26,Submitted,38,N/A,,54
1000,657,35,140,6+6,2024-08-07,Accepted,10,Pending,,36
1001,657,47,188,6+6,2024-07-05,Enrolled,64,Approved,2024-12-02,56
1002,658,19,75,6+6,2024-10-04,Enrolled,29,Approved,2025-01-01,48
1003,659,23,90,6+6,2024-12-10,Withdrawn,49,N/A,,40
1004,659,21,84,6+6,2025-03-30,Enrolled,67,Approved,2025-09-18,34
1005,659,2,6,6+6,2025-03-04,Enrolled,10,Pending,2025-07-12,51
1006,661,36,144,6+6,2024-07-07,Submitted,57,N/A,,3
1007,661,46,181,6+6,2024-11-03,Rejected,63,N/A,,14
1008,662,9,33,6+6,2024-12-19,Withdrawn,72,N/A,,43
1009,662,9,33,6+6,2024-11-08,Under Review,34,Pending,,30
1010,662,41,164,6+6,2024-07-20,Enrolled,48,Approved,2024-12-21,34
1011,663,49,194,6+6,2024-06-30,Under Review,51,Pending,,27
1012,664,32,128,1+4,2024-06-18,Rejected,57,N/A,,37
1013,665,26,101,Fall Bachelor,2024-09-21,Enrolled,44,Approved,2025-02-16,43
1014,665,49,194,6+6,2024-09-25,Accepted,24,Approved,,38
1015,665,44,176,6+6,2025-01-26,Enrolled,75,Approved,2025-08-07,43
1016,665,47,186,1+4,2025-01-28,Enrolled,65,Approved,2025-07-24,48
1017,665,43,172,Fall Bachelor,2024-10-15,Enrolled,28,Approved,2025-02-02,37
1018,666,32,128,1+4,2024-07-03,Enrolled,55,Pending,2024-11-10,35
1019,666,34,135,6+6,2025-02-15,Rejected,55,N/A,,34
1020,666,21,83,6+6,2024-08-02,Enrolled,40,Approved,2024-11-12,41
1021,668,10,38,1+4,2025-02-02,Enrolled,65,Approved,2025-07-15,47
1022,668,13,50,1+4,2024-08-25,Enrolled,40,Approved,2024-12-16,51
1023,668,10,38,1+4,2024-08-27,Enrolled,69,Approved,2025-01-20,47
1024,668,31,123,6+6,2024-12-03,Enrolled,18,Approved,2025-03-06,46
1025,669,37,147,1+4,2024-10-11,Enrolled,42,Approved,2025-03-04,28
1026,669,15,57,1+4,2024-03-08,Enrolled,101,Approved,2024-09-20,23
1027,670,39,155,Fall Bachelor,2024-08-19,Enrolled,76,Approved,2025-01-04,42
1028,670,28,111,1+4,2024-04-21,Rejected,43,N/A,,19
1029,670,46,183,1+4,2024-10-03,Enrolled,67,Approved,2025-04-07,25
1030,671,13,50,1+4,2024-10-27,Enrolled,15,Approved,2025-02-28,34
1031,674,16,63,1+4,2024-10-07,Enrolled,44,Approved,2025-02-13,37
1032,675,19,73,6+6,2025-04-17,Enrolled,33,Approved,2025-09-05,42
1033,675,43,172,Fall Bachelor,2025-02-23,Enrolled,53,Approved,2025-08-01,45
1034,676,19,73,6+6,2024-10-21,Under Review,37,Pending,,6
1035,676,37,145,6+6,2024-12-08,Rejected,34,N/A,,20
1036,678,5,17,Fall Bachelor,2025-04-10,Rejected,33,N/A,,36
1037,678,20,79,6+6,2024-12-11,Rejected,64,N/A,,16
1038,679,19,76,6+6,2024-05-16,Rejected,59,N/A,,54
1039,679,15,59,6+6,2024-09-22,Rejected,76,N/A,,58
1040,680,33,129,1+4,2025-02-28,Under Review,62,Pending,,31
1041,683,30,120,6+6,2025-02-20,Rejected,55,N/A,,26
1042,685,42,168,1+4,2024-10-20,Enrolled,43,Approved,2025-03-16,35
1043,685,30,120,6+6,2024-06-07,Submitted,22,N/A,,20
1044,685,4,13,6+6,2024-09-12,Rejected,33,N/A,,14
1045,685,46,183,1+4,2025-06-26,Enrolled,64,Rejected,2025-11-22,24
1046,686,11,41,Fall Bachelor,2024-11-21,Rejected,35,N/A,,41
1047,686,1,3,6+6,2024-07-23,Enrolled,15,Approved,2024-10-30,44
1048,687,31,122,6+6,2024-07-24,Enrolled,47,Approved,2024-11-08,35
1049,687,43,169,6+6,2025-01-04,Enrolled,33,Approved,2025-06-04,16
1050,690,49,195,6+6,2024-11-17,Enrolled,77,Approved,2025-05-03,55
1051,690,10,40,6+6,2024-10-16,Enrolled,45,Approved,2025-03-17,50
1052,692,35,138,Master/PhD,2025-04-08,Accepted,46,Approved,,56
1053,692,30,119,Master/PhD,2024-11-04,Enrolled,67,Approved,2025-04-12,50
1054,694,36,143,1+4,2025-04-26,Accepted,39,Approved,,44
1055,695,48,191,1+4,2024-10-19,Enrolled,53,Approved,2025-03-22,14
1056,696,27,106,6+6,2025-01-13,Rejected,78,N/A,,6
1057,696,13,49,1+4,2024-09-20,Withdrawn,10,N/A,,1
1058,696,23,89,6+6,2024-08-12,Accepted,74,Approved,,15
1059,696,10,38,1+4,2024-08-28,Withdrawn,31,N/A,,5
1060,696,28,111,1+4,2024-10-31,Submitted,68,N/A,,8
1061,697,38,152,6+6,2024-12-09,Withdrawn,29,N/A,,41
1062,697,2,6,6+6,2025-06-04,Enrolled,42,Approved,2025-09-16,48
1063,697,46,184,1+4,2024-03-26,Enrolled,45,Approved,2024-08-16,49
1064,697,21,84,6+6,2025-04-07,Enrolled,35,Approved,2025-08-16,43
1065,698,3,9,6+6,2024-06-06,Rejected,29,N/A,,44
1066,698,28,109,6+6,2024-07-01,Withdrawn,39,N/A,,48
1067,699,36,144,6+6,2024-07-01,Enrolled,43,Rejected,2024-12-06,44
1068,699,19,76,6+6,2024-07-07,Rejected,53,N/A,,62
1069,700,31,122,6+6,2024-09-16,Withdrawn,15,N/A,,39
1070,700,39,155,Fall Bachelor,2024-08-16,Enrolled,66,Approved,2025-02-10,30
1071,700,8,32,1+4,2024-03-20,Enrolled,59,Approved,2024-08-26,26
1072,700,29,114,6+6,2024-05-23,Enrolled,57,Approved,2024-11-11,46
1073,701,49,195,6+6,2025-01-31,Enrolled,33,Approved,2025-05-07,42
1074,701,18,72,6+6,2025-02-18,Rejected,23,N/A,,32
1075,702,14,54,6+6,2024-12-17,Rejected,40,N/A,,19
1076,704,2,5,6+6,2024-07-16,Rejected,42,N/A,,27
1077,704,37,148,6+6,2025-03-21,Enrolled,36,Approved,2025-06-29,36
1078,704,29,115,1+4,2025-01-03,Withdrawn,53,N/A,,33
1079,705,17,68,1+4,2025-02-17,Enrolled,20,Approved,2025-05-29,32
1080,705,21,84,6+6,2025-01-25,Enrolled,76,Approved,2025-08-04,26
1081,705,18,70,6+6,2025-03-26,Enrolled,34,Approved,2025-06-30,10
1082,707,4,14,6+6,2024-09-10,Enrolled,27,Approved,2025-01-20,26
1083,707,19,73,6+6,2024-11-02,Enrolled,47,Approved,2025-03-13,36
1084,709,19,74,1+4,2025-01-06,Rejected,28,N/A,,35
1085,709,12,47,6+6,2025-02-09,Rejected,26,N/A,,24
1086,709,16,61,6+6,2025-06-22,Rejected,33,N/A,,41
1087,709,42,168,1+4,2025-03-10,Rejected,17,N/A,,13
1088,709,39,153,6+6,2025-02-13,Enrolled,60,Approved,2025-07-12,26
1089,711,13,52,6+6,2025-01-15,Under Review,33,Pending,,29
1090,712,43,170,6+6,2024-07-31,Accepted,21,Pending,,46
1091,713,13,50,1+4,2024-10-29,Rejected,47,N/A,,30
1092,713,24,96,6+6,2024-07-09,Enrolled,30,Approved,2024-10-07,16
1093,713,9,35,6+6,2025-03-13,Rejected,30,N/A,,30
1094,716,24,95,1+4,2024-03-22,Enrolled,10,Approved,2024-07-16,38
1095,717,40,160,6+6,2024-10-09,Enrolled,57,Approved,2025-03-24,38
1096,717,25,98,6+6,2025-02-25,Enrolled,74,Approved,2025-07-13,31
1097,717,33,129,1+4,2024-12-03,Accepted,28,Approved,,26
1098,717,27,106,6+6,2024-12-28,Withdrawn,55,N/A,,28
1099,717,32,127,1+4,2025-01-08,Rejected,43,N/A,,32
1100,719,5,19,1+4,2024-10-15,Enrolled,10,Pending,2025-01-10,34
1101,720,12,46,6+6,2024-11-13,Rejected,62,N/A,,40
1102,720,21,83,6+6,2025-04-04,Rejected,50,N/A,,21
1103,721,6,23,6+6,2025-05-23,Withdrawn,35,N/A,,22
1104,722,45,179,6+6,2024-07-25,Enrolled,45,Approved,2024-11-13,30
1105,723,37,145,6+6,2024-11-13,Enrolled,54,Approved,2025-03-25,54
1106,723,37,148,6+6,2025-01-16,Accepted,44,Approved,,42
1107,723,26,103,1+4,2024-12-30,Enrolled,18,Approved,2025-05-05,40
1108,723,2,7,6+6,2024-11-06,Rejected,86,N/A,,37
1109,728,23,90,6+6,2024-08-24,Accepted,25,Approved,,43
1110,728,3,10,6+6,2024-07-18,Enrolled,56,Approved,2024-12-15,33
1111,731,32,125,1+4,2025-02-08,Withdrawn,65,N/A,,43
1112,733,5,20,6+6,2024-10-01,Withdrawn,25,N/A,,27
1113,733,33,129,1+4,2024-10-29,Accepted,37,Approved,,16
1114,735,47,188,6+6,2024-05-19,Enrolled,24,Approved,2024-09-01,33
1115,736,2,5,6+6,2024-11-15,Rejected,10,N/A,,23
1116,736,48,192,6+6,2024-07-02,Under Review,31,Pending,,22
1117,737,27,106,6+6,2025-05-15,Enrolled,21,Approved,2025-08-06,24
1118,737,32,125,1+4,2024-02-08,Rejected,55,N/A,,32
1119,738,23,90,6+6,2024-08-24,Rejected,10,N/A,,30
1120,739,37,145,6+6,2024-06-06,Rejected,35,N/A,,11
1121,740,48,192,6+6,2024-09-21,Rejected,34,N/A,,27
1122,741,13,50,1+4,2025-06-13,Rejected,64,N/A,,41
1123,742,32,125,1+4,2025-05-01,Enrolled,41,Pending,2025-09-03,45
1124,742,2,6,6+6,2025-06-02,Under Review,36,Pending,,25
1125,743,45,180,Fall Bachelor,2025-06-17,Enrolled,48,Approved,2025-11-18,31
1126,744,43,169,6+6,2025-06-30,Rejected,54,N/A,,32
1127,744,18,72,6+6,2025-06-30,Enrolled,64,Approved,2025-11-03,22
1128,744,19,74,1+4,2025-06-30,Withdrawn,70,N/A,,27
1129,745,18,69,6+6,2025-06-30,Withdrawn,42,N/A,,9
1130,745,10,40,6+6,2025-06-05,Rejected,25,N/A,,18
1131,746,43,169,6+6,2025-04-15,Enrolled,25,Approved,2025-07-24,33
1132,747,16,63,1+4,2025-06-30,Enrolled,22,Approved,2025-10-18,40
1133,749,1,1,Fall Bachelor,2025-06-30,Withdrawn,58,N/A,,53
1134,749,14,56,1+4,2025-06-22,Rejected,54,N/A,,43
1135,750,19,76,6+6,2025-06-11,Rejected,10,N/A,,31
1136,751,18,70,6+6,2025-06-30,Enrolled,22,Approved,2025-10-18,47
1137,751,1,4,1+4,2025-06-30,Enrolled,20,Approved,2025-10-15,50
1138,751,23,90,6+6,2025-06-30,Accepted,50,Approved,,39
1139,752,47,187,1+4,2025-06-30,Enrolled,39,Approved,2025-10-09,60
1140,752,35,139,Fall Bachelor,2025-05-16,Enrolled,53,Approved,2025-10-04,55
1141,754,38,152,6+6,2025-06-05,Enrolled,56,Approved,2025-11-12,52
1142,754,18,69,6+6,2025-06-30,Enrolled,42,Approved,2025-11-12,45
1143,755,19,74,1+4,2025-06-30,Rejected,51,N/A,,58
1144,756,18,72,6+6,2025-05-08,Enrolled,10,Approved,2025-07-29,28
1145,756,50,198,6+6,2025-05-12,Withdrawn,42,N/A,,48
1146,757,21,82,Fall Bachelor,2025-06-30,Enrolled,53,Approved,2025-10-21,38
1147,758,17,66,1+4,2025-06-30,Under Review,10,Pending,,25
1148,758,6,21,1+4,2025-06-22,Under Review,31,Pending,,35
1149,758,33,131,6+6,2025-06-27,Enrolled,53,Approved,2025-10-19,30
1150,758,31,123,6+6,2025-06-30,Rejected,83,N/A,,21
1151,758,11,42,6+6,2025-06-28,Accepted,37,Approved,,22
1152,760,17,66,1+4,2025-06-06,Enrolled,45,Approved,2025-10-29,65
1153,761,18,69,6+6,2025-06-18,Submitted,52,N/A,,1
1154,761,4,14,6+6,2025-05-26,Rejected,54,N/A,,3
1155,761,30,120,6+6,2025-06-20,Rejected,10,N/A,,13
1156,761,14,53,1+4,2025-03-16,Withdrawn,24,N/A,,12
1157,761,7,25,1+4,2025-06-30,Rejected,70,N/A,,8
1158,762,12,47,6+6,2025-04-20,Enrolled,41,Approved,2025-08-04,43
1159,762,37,145,6+6,2025-05-13,Enrolled,15,Approved,2025-09-23,44
1160,764,5,19,1+4,2025-03-23,Withdrawn,48,N/A,,49
1161,764,49,193,Fall Bachelor,2025-06-30,Enrolled,32,Approved,2025-11-16,32
1162,764,10,37,1+4,2025-06-17,Enrolled,45,Approved,2025-11-07,31
1163,765,10,40,6+6,2025-06-19,Rejected,17,N/A,,9
1164,765,14,53,1+4,2025-06-28,Submitted,29,N/A,,10
1165,766,3,12,6+6,2025-06-14,Enrolled,70,Approved,2025-10-28,65
1166,767,49,196,1+4,2025-06-30,Enrolled,32,Approved,2025-10-29,43
1167,767,4,13,6+6,2025-06-06,Enrolled,48,Approved,2025-10-09,32
1168,768,9,33,6+6,2025-06-04,Enrolled,72,Approved,2025-10-18,30
1169,769,28,111,1+4,2025-06-30,Enrolled,33,Pending,2025-11-02,41
1170,769,37,148,6+6,2025-05-18,Rejected,78,N/A,,24
1171,769,10,40,6+6,2025-06-30,Submitted,93,N/A,,15
1172,770,12,46,6+6,2025-06-30,Enrolled,43,Approved,2025-11-07,38
1173,771,33,131,6+6,2025-06-04,Enrolled,63,Approved,2025-12-02,63
1174,771,13,52,6+6,2025-05-18,Enrolled,49,Approved,2025-09-19,50
1175,772,35,140,6+6,2025-04-19,Rejected,61,N/A,,21
1176,772,16,62,1+4,2025-04-07,Withdrawn,63,N/A,,21
1177,772,30,120,6+6,2025-02-18,Rejected,73,N/A,,20
1178,773,10,37,1+4,2025-06-03,Rejected,31,N/A,,29
1179,773,24,93,6+6,2025-02-17,Enrolled,38,Approved,2025-07-20,14
1180,773,11,42,6+6,2025-03-18,Withdrawn,41,N/A,,15
1181,773,35,140,6+6,2025-05-24,Withdrawn,11,N/A,,26
1182,774,24,93,6+6,2025-06-30,Enrolled,24,Approved,2025-11-21,10
1183,774,1,4,1+4,2025-05-18,Rejected,10,N/A,,26
1184,775,4,15,Fall Bachelor,2025-05-06,Accepted,85,Rejected,,29
1185,775,31,122,6+6,2025-02-10,Enrolled,62,Approved,2025-06-30,48
1186,776,45,178,1+4,2025-06-30,Rejected,47,N/A,,32
1187,778,3,11,1+4,2025-04-20,Enrolled,51,Approved,2025-09-09,36
1188,779,44,173,1+4,2025-02-19,Rejected,42,N/A,,19
1189,779,15,59,6+6,2025-02-17,Enrolled,61,Pending,2025-08-14,6
1190,780,3,10,6+6,2025-06-30,Rejected,10,N/A,,52
1191,780,31,121,1+4,2025-06-30,Enrolled,55,Approved,2025-12-03,55
1192,780,31,124,1+4,2025-04-17,Enrolled,65,Approved,2025-09-25,49
1193,781,29,114,6+6,2025-06-30,Enrolled,44,Approved,2025-10-31,30
1194,781,35,140,6+6,2025-05-01,Under Review,46,Pending,,15
1195,782,38,152,6+6,2025-06-22,Rejected,18,N/A,,20
1196,782,20,79,6+6,2025-06-30,Rejected,71,N/A,,15
1197,783,16,63,1+4,2025-05-07,Under Review,59,Pending,,49
1198,783,42,168,1+4,2025-06-05,Accepted,38,Pending,,40
1199,784,4,16,6+6,2025-06-30,Under Review,36,Pending,,33
1200,784,24,95,1+4,2025-06-30,Rejected,41,N/A,,28
1201,784,18,70,6+6,2025-06-30,Enrolled,55,Approved,2025-11-18,21
1202,784,26,104,1+4,2025-06-30,Enrolled,51,Approved,2025-11-23,33
1203,785,47,188,6+6,2025-06-30,Enrolled,31,Approved,2025-10-12,30
1204,785,21,81,Fall Bachelor,2025-06-30,Enrolled,16,Approved,2025-11-06,36
1205,786,42,168,1+4,2025-06-20,Rejected,51,N/A,,36
1206,786,47,188,6+6,2025-06-30,Enrolled,49,Approved,2025-12-16,46
1207,787,18,69,6+6,2025-06-30,Rejected,68,N/A,,1
1208,787,13,49,1+4,2025-05-06,Withdrawn,44,N/A,,15
1209,788,38,149,1+4,2025-04-25,Accepted,34,Approved,,35
1210,788,11,42,6+6,2025-03-18,Enrolled,84,Approved,2025-08-22,33
1211,789,22,85,6+6,2025-06-30,Enrolled,50,Approved,2025-10-21,35
1212,789,35,140,6+6,2025-06-11,Rejected,40,N/A,,20
1213,789,10,39,1+4,2025-06-30,Enrolled,45,Approved,2025-12-07,32
1214,789,11,44,6+6,2025-06-30,Enrolled,39,Approved,2025-11-18,36
1215,789,3,12,6+6,2025-06-30,Rejected,82,N/A,,39
1216,791,30,120,6+6,2025-06-30,Accepted,54,Pending,,46
1217,791,14,55,6+6,2025-06-30,Enrolled,35,Approved,2025-10-08,44
1218,792,11,44,6+6,2025-06-30,Enrolled,58,Approved,2025-11-26,40
1219,792,20,77,1+4,2025-06-30,Rejected,10,N/A,,35
1220,793,32,127,1+4,2025-05-25,Rejected,13,N/A,,33
1221,793,18,70,6+6,2025-01-28,Rejected,28,N/A,,43
1222,794,39,153,6+6,2025-06-06,Enrolled,49,Approved,2025-11-10,44
1223,795,33,129,1+4,2025-06-11,Enrolled,42,Approved,2025-11-08,37
1224,795,37,145,6+6,2025-06-30,Rejected,33,N/A,,33
1225,795,43,170,6+6,2025-06-13,Enrolled,79,Approved,2025-12-18,32
1226,798,48,192,6+6,2025-06-30,Rejected,49,N/A,,22
1227,799,35,140,6+6,2025-06-12,Rejected,21,N/A,,25
1228,799,36,143,1+4,2025-06-30,Rejected,54,N/A,,29
1229,800,13,52,6+6,2025-06-30,Rejected,22,N/A,,30
1230,800,47,188,6+6,2025-06-30,Enrolled,53,Approved,2025-10-27,27
1231,801,22,86,Master/PhD,2025-06-30,Enrolled,49,Approved,2025-11-18,59
1232,802,18,70,6+6,2025-06-24,Enrolled,25,Rejected,2025-09-21,52
1233,803,15,57,1+4,2025-02-10,Rejected,48,N/A,,46
1234,804,7,27,6+6,2025-05-31,Enrolled,57,Rejected,2025-10-13,34
1235,807,41,161,1+4,2025-06-30,Enrolled,32,Approved,2025-11-27,56
1236,807,32,125,1+4,2025-06-30,Enrolled,36,Approved,2025-10-30,37
1237,808,40,160,6+6,2025-06-26,Under Review,28,Pending,,40
1238,808,4,14,6+6,2025-03-10,Enrolled,46,Approved,2025-08-22,56
1239,810,28,109,6+6,2025-06-11,Under Review,47,Pending,,48
1240,811,46,184,1+4,2025-06-30,Under Review,22,Pending,,27
1241,811,37,147,1+4,2025-06-30,Rejected,72,N/A,,36
1242,812,7,26,1+4,2025-01-21,Enrolled,44,Approved,2025-07-02,60
1243,813,22,85,6+6,2025-03-10,Withdrawn,31,N/A,,32
1244,813,32,128,1+4,2025-05-06,Enrolled,51,Approved,2025-10-22,37
1245,814,1,1,Fall Bachelor,2025-06-30,Enrolled,45,Approved,2025-11-04,56
1246,815,36,144,6+6,2025-06-30,Under Review,20,Pending,,34
1247,815,26,104,1+4,2025-06-30,Under Review,33,Pending,,13
1248,815,48,192,6+6,2025-05-16,Rejected,57,N/A,,29
1249,815,43,169,6+6,2025-06-30,Rejected,24,N/A,,14
1250,816,19,76,6+6,2025-04-03,Accepted,10,Approved,,36
1251,816,14,55,6+6,2025-04-06,Enrolled,39,Approved,2025-09-04,44
1252,817,18,70,6+6,2025-06-30,Rejected,19,N/A,,51
1253,817,46,181,6+6,2025-06-30,Enrolled,55,Approved,2025-11-16,54
1254,817,47,186,1+4,2025-06-30,Enrolled,74,Approved,2025-11-27,27
1255,817,6,22,1+4,2025-06-30,Enrolled,22,Approved,2025-11-17,39
1256,818,39,156,1+4,2025-04-28,Rejected,74,N/A,,47
1257,820,33,131,6+6,2025-06-17,Enrolled,75,Rejected,2025-11-17,41
1258,821,33,132,Master/PhD,2025-06-30,Accepted,87,Rejected,,29
1259,821,30,119,Master/PhD,2025-06-30,Enrolled,55,Approved,2025-11-07,44
1260,822,3,9,6+6,2025-05-17,Enrolled,39,Approved,2025-09-21,46
1261,823,32,125,1+4,2025-06-30,Enrolled,29,Approved,2025-10-17,33
1262,824,12,47,6+6,2025-05-10,Enrolled,17,Approved,2025-09-12,45
1263,825,32,128,1+4,2025-06-30,Withdrawn,56,N/A,,11
1264,826,32,127,1+4,2025-06-30,Enrolled,67,Approved,2025-11-08,39
1265,828,3,10,6+6,2025-06-18,Accepted,20,Approved,,48
1266,829,24,94,1+4,2025-05-10,Under Review,34,Pending,,28
1267,829,42,167,1+4,2025-03-16,Enrolled,61,Approved,2025-08-04,33
1268,829,29,115,1+4,2025-03-15,Rejected,52,N/A,,34
1269,829,20,77,1+4,2025-04-12,Rejected,38,N/A,,33
1270,830,46,182,6+6,2025-02-08,Enrolled,73,Approved,2025-06-29,36
1271,831,13,49,1+4,2025-06-25,Enrolled,34,Approved,2025-10-13,46
1272,831,14,53,1+4,2025-04-15,Enrolled,31,Approved,2025-08-05,44
1273,832,18,69,6+6,2025-06-07,Under Review,41,Pending,,29
1274,832,5,17,Fall Bachelor,2025-03-17,Rejected,10,N/A,,43
1275,832,40,158,Fall Bachelor,2025-05-16,Enrolled,50,Approved,2025-09-15,39
1276,833,2,6,6+6,2025-01-22,Rejected,47,N/A,,35
1277,834,45,179,6+6,2025-06-30,Enrolled,31,Approved,2025-11-13,38
1278,834,17,68,1+4,2025-06-30,Accepted,28,Approved,,47
1279,834,38,152,6+6,2025-06-30,Accepted,69,Approved,,65
1280,834,17,67,1+4,2025-06-30,Enrolled,77,Approved,2025-12-31,51
1281,837,46,182,6+6,2025-06-30,Rejected,11,N/A,,36
1282,839,10,38,1+4,2025-06-30,Rejected,60,N/A,,34
1283,839,3,11,1+4,2025-06-30,Rejected,41,N/A,,40
1284,839,30,120,6+6,2025-06-30,Enrolled,12,Approved,2025-10-06,42
1285,840,29,113,Fall Bachelor,2025-06-30,Rejected,53,N/A,,50
1286,841,19,76,6+6,2025-06-30,Rejected,23,N/A,,17
1287,841,21,84,6+6,2025-06-30,Submitted,36,N/A,,14
1288,843,6,21,1+4,2025-06-30,Enrolled,36,Approved,2025-11-12,39
1289,846,40,158,Fall Bachelor,2025-06-30,Enrolled,31,Approved,2025-11-27,50
1290,847,30,120,6+6,2025-06-30,Enrolled,67,Approved,2025-11-04,36
1291,847,24,93,6+6,2025-06-30,Enrolled,38,Approved,2025-10-20,40
1292,847,31,123,6+6,2025-06-30,Enrolled,31,Approved,2025-11-05,38
1293,848,46,183,1+4,2025-06-28,Under Review,41,Pending,,17
1294,849,34,133,1+4,2025-03-24,Enrolled,102,Approved,2025-09-15,21
1295,850,41,161,1+4,2025-04-28,Rejected,26,N/A,,31
1296,851,8,30,Master/PhD,2025-04-12,Rejected,63,N/A,,21
1297,852,19,75,6+6,2025-05-24,Enrolled,61,Approved,2025-09-24,45
1298,852,13,52,6+6,2025-03-24,Withdrawn,38,N/A,,34
1299,853,49,194,6+6,2025-04-14,Enrolled,54,Approved,2025-08-12,52
1300,854,50,200,6+6,2025-06-30,Enrolled,45,Approved,2025-12-10,26
1301,855,20,80,Master/PhD,2025-02-14,Enrolled,14,Approved,2025-05-31,41
1302,855,40,157,Master/PhD,2025-05-15,Accepted,68,Approved,,44
1303,855,22,86,Master/PhD,2025-02-18,Rejected,39,N/A,,47
1304,855,16,64,Master/PhD,2025-04-03,Enrolled,58,Approved,2025-08-11,47
1305,856,49,195,6+6,2025-06-30,Rejected,14,N/A,,10
1306,857,25,99,6+6,2025-06-30,Rejected,14,N/A,,34
1307,858,24,93,6+6,2025-06-10,Rejected,35,N/A,,12
1308,859,24,96,6+6,2025-06-30,Enrolled,65,Approved,2025-12-28,42
1309,859,2,6,6+6,2025-05-15,Enrolled,52,Approved,2025-09-13,47
1310,859,33,129,1+4,2025-06-30,Rejected,51,N/A,,54
1311,861,18,69,6+6,2025-05-26,Rejected,52,N/A,,33
1312,861,44,176,6+6,2025-03-05,Enrolled,57,Approved,2025-07-22,45
1313,861,44,175,6+6,2025-06-04,Enrolled,55,Approved,2025-10-07,30
1314,863,13,52,6+6,2025-05-13,Enrolled,68,Approved,2025-10-04,33
1315,863,34,134,Fall Bachelor,2025-03-04,Accepted,67,Pending,,44
1316,864,13,50,1+4,2025-06-03,Submitted,13,N/A,,32
1317,865,36,144,6+6,2025-06-24,Enrolled,75,Pending,2025-12-24,48
1318,866,28,111,1+4,2025-03-03,Under Review,25,Pending,,45
1319,866,36,144,6+6,2025-05-01,Withdrawn,69,N/A,,34
1320,867,2,6,6+6,2025-06-18,Accepted,69,Approved,,45
1321,867,18,69,6+6,2025-06-15,Rejected,59,N/A,,39
1322,867,5,20,6+6,2025-05-14,Enrolled,10,Approved,2025-08-29,41
1323,868,6,23,6+6,2025-06-30,Enrolled,25,Approved,2025-11-02,41
1324,869,21,84,6+6,2025-06-16,Rejected,58,N/A,,50
1325,869,24,95,1+4,2025-06-30,Withdrawn,16,N/A,,43
1326,872,46,183,1+4,2025-06-30,Rejected,40,N/A,,42
1327,874,10,39,1+4,2025-06-30,Enrolled,59,Approved,2025-12-03,36
1328,875,33,131,6+6,2025-04-03,Withdrawn,15,N/A,,1
1329,875,36,144,6+6,2025-06-25,Enrolled,43,Approved,2025-12-05,8
1330,876,19,76,6+6,2025-04-10,Enrolled,91,Approved,2025-10-16,41
1331,877,11,42,6+6,2025-06-30,Withdrawn,42,N/A,,2
1332,878,23,89,6+6,2025-04-23,Rejected,62,N/A,,12
1333,879,44,173,1+4,2025-06-30,Enrolled,58,Approved,2025-11-10,46
1334,880,32,128,1+4,2025-04-14,Accepted,63,Rejected,,42
1335,880,5,17,Fall Bachelor,2025-06-19,Enrolled,39,Pending,2025-11-14,47
1336,880,40,158,Fall Bachelor,2025-06-30,Enrolled,13,Approved,2025-10-08,46
1337,881,24,95,1+4,2025-03-04,Rejected,30,N/A,,33
1338,882,2,8,1+4,2025-06-30,Enrolled,25,Approved,2025-09-24,40
1339,882,30,120,6+6,2025-05-19,Rejected,35,N/A,,33
1340,883,31,124,1+4,2025-06-30,Accepted,40,Approved,,34
1341,885,21,82,Fall Bachelor,2025-02-18,Enrolled,43,Approved,2025-06-12,39
1342,886,48,189,1+4,2025-06-30,Enrolled,47,Approved,2025-11-17,53
1343,887,25,98,6+6,2025-06-30,Under Review,74,Pending,,40
1344,889,30,120,6+6,2025-03-13,Enrolled,10,Approved,2025-06-30,48
1345,890,34,136,Fall Bachelor,2025-06-29,Accepted,25,Rejected,,63
1346,890,42,166,6+6,2025-06-30,Accepted,10,Rejected,,55
1347,890,5,19,1+4,2025-06-30,Enrolled,30,Approved,2025-10-03,68
1348,891,15,59,6+6,2025-03-25,Enrolled,45,Approved,2025-08-11,39
1349,891,37,146,6+6,2025-06-20,Enrolled,69,Approved,2025-11-23,52
1350,891,20,77,1+4,2025-05-21,Enrolled,10,Approved,2025-09-26,44
1351,892,12,47,6+6,2025-02-21,Under Review,43,Pending,,32
1352,892,6,24,6+6,2025-04-07,Rejected,56,N/A,,41
1353,893,30,118,Fall Bachelor,2025-03-07,Enrolled,17,Approved,2025-07-05,52
1354,894,48,190,6+6,2025-06-30,Rejected,38,N/A,,22
1355,894,37,148,6+6,2025-06-22,Withdrawn,74,N/A,,21
1356,894,12,46,6+6,2025-06-21,Withdrawn,62,N/A,,21
1357,896,35,137,1+4,2025-04-11,Enrolled,45,Approved,2025-08-09,47
1358,897,49,195,6+6,2025-05-27,Enrolled,25,Pending,2025-08-27,48
1359,897,32,127,1+4,2025-06-30,Enrolled,88,Approved,2025-12-31,63
1360,898,46,182,6+6,2025-06-30,Rejected,47,N/A,,38
1361,898,2,7,6+6,2025-03-24,Rejected,61,N/A,,37
1362,898,40,160,6+6,2025-05-11,Withdrawn,63,N/A,,33
1363,900,16,61,6+6,2025-06-01,Rejected,46,N/A,,48
1364,900,3,9,6+6,2025-05-17,Withdrawn,74,N/A,,41
1365,901,13,49,1+4,2025-06-13,Rejected,74,N/A,,40
1366,902,2,5,6+6,2025-05-27,Enrolled,45,Rejected,2025-09-20,41
1367,903,24,94,1+4,2025-05-31,Rejected,41,N/A,,55
1368,904,18,69,6+6,2025-05-26,Enrolled,57,Approved,2025-10-06,24
1369,904,6,23,6+6,2025-04-02,Withdrawn,47,N/A,,20
1370,905,19,74,1+4,2025-06-30,Enrolled,16,Approved,2025-10-03,17
1371,905,36,143,1+4,2025-06-30,Rejected,37,N/A,,38
1372,905,12,46,6+6,2025-06-30,Enrolled,69,Approved,2025-12-24,31
1373,906,30,120,6+6,2025-06-30,Submitted,68,N/A,,37
1374,906,45,179,6+6,2025-06-30,Enrolled,55,Approved,2025-11-12,29
1375,906,12,47,6+6,2025-06-30,Enrolled,33,Approved,2025-10-18,47
1376,907,2,6,6+6,2025-05-02,Rejected,23,N/A,,23
1377,907,45,177,1+4,2025-06-30,Rejected,33,N/A,,22
1378,908,18,72,6+6,2025-03-20,Rejected,29,N/A,,32
1379,908,46,183,1+4,2025-06-30,Rejected,41,N/A,,22
1380,908,13,52,6+6,2025-06-24,Under Review,28,Pending,,36
1381,908,33,129,1+4,2025-05-18,Rejected,30,N/A,,21
1382,909,38,152,6+6,2025-05-11,Rejected,59,N/A,,19
1383,910,31,124,1+4,2025-03-21,Under Review,62,Pending,,35
1384,910,31,121,1+4,2025-03-13,Accepted,74,Approved,,27
1385,911,23,89,6+6,2025-06-16,Submitted,10,N/A,,24
1386,911,26,104,1+4,2025-06-30,Rejected,29,N/A,,5
1387,912,23,90,6+6,2025-03-12,Accepted,10,Approved,,29
1388,913,16,62,1+4,2025-01-20,Rejected,26,N/A,,51
1389,913,13,51,Fall Bachelor,2025-02-24,Rejected,53,N/A,,34
1390,913,12,46,6+6,2025-04-14,Rejected,10,N/A,,45
1391,913,15,58,Fall Bachelor,2025-02-22,Enrolled,67,Approved,2025-07-04,29
1392,913,48,191,1+4,2025-01-19,Rejected,16,N/A,,37
1393,914,18,70,6+6,2025-06-30,Enrolled,36,Approved,2025-10-28,36
1394,914,25,98,6+6,2025-06-28,Enrolled,46,Approved,2025-11-07,24
1395,916,24,93,6+6,2025-06-30,Submitted,49,N/A,,28
1396,916,44,176,6+6,2025-05-23,Enrolled,61,Approved,2025-10-17,17
1397,916,21,84,6+6,2025-06-30,Rejected,10,N/A,,17
1398,917,36,144,6+6,2025-02-16,Enrolled,24,Approved,2025-07-07,37
1399,917,44,175,6+6,2025-05-07,Enrolled,59,Approved,2025-10-27,25
1400,917,12,48,Fall Bachelor,2025-02-24,Rejected,49,N/A,,19
1401,919,40,160,6+6,2025-06-29,Accepted,40,Approved,,29
1402,919,13,52,6+6,2025-06-02,Rejected,56,N/A,,37
1403,919,6,21,1+4,2025-06-30,Enrolled,50,Approved,2025-10-26,25
1404,921,44,175,6+6,2025-05-15,Enrolled,13,Approved,2025-08-01,21
1405,924,31,122,6+6,2025-05-07,Rejected,30,N/A,,33
1406,924,19,76,6+6,2025-06-30,Rejected,61,N/A,,21
1407,924,11,44,6+6,2025-06-23,Rejected,63,N/A,,39
1408,924,46,183,1+4,2025-04-13,Enrolled,35,Approved,2025-08-10,25
1409,925,10,37,1+4,2025-04-27,Submitted,27,N/A,,23
1410,926,34,135,6+6,2025-06-30,Enrolled,31,Approved,2025-10-02,31
1411,926,11,42,6+6,2025-06-30,Enrolled,39,Approved,2025-12-01,30
1412,926,50,199,6+6,2025-06-12,Rejected,70,N/A,,27
1413,927,34,134,Fall Bachelor,2025-06-30,Accepted,22,Approved,,59
1414,928,29,114,6+6,2025-06-30,Rejected,59,N/A,,2
1415,928,43,169,6+6,2025-06-09,Rejected,46,N/A,,26
1416,928,43,169,6+6,2025-06-30,Rejected,77,N/A,,7
1417,929,14,54,6+6,2025-06-30,Enrolled,63,Approved,2025-11-02,33
1418,929,3,9,6+6,2025-06-30,Rejected,22,N/A,,42
1419,929,36,144,6+6,2025-05-17,Enrolled,31,Pending,2025-08-16,46
1420,930,2,6,6+6,2025-06-26,Enrolled,35,Approved,2025-11-22,30
1421,931,28,111,1+4,2025-04-22,Enrolled,63,Approved,2025-09-25,38
1422,932,29,115,1+4,2025-04-18,Submitted,46,N/A,,29
1423,932,31,124,1+4,2025-02-04,Submitted,36,N/A,,28
1424,932,16,63,1+4,2025-03-24,Rejected,49,N/A,,39
1425,933,12,45,Fall Bachelor,2025-05-26,Withdrawn,79,N/A,,36
1426,933,9,36,1+4,2025-02-26,Enrolled,51,Approved,2025-08-16,20
1427,935,38,149,1+4,2025-03-18,Withdrawn,34,N/A,,20
1428,937,48,190,6+6,2025-04-17,Rejected,58,N/A,,50
1429,937,12,47,6+6,2025-04-12,Enrolled,55,Approved,2025-09-20,32
1430,938,7,25,1+4,2025-05-20,Enrolled,47,Rejected,2025-09-28,38
1431,938,27,105,Fall Bachelor,2025-04-22,Enrolled,10,Approved,2025-07-15,48
1432,939,33,130,Fall Bachelor,2025-05-15,Enrolled,68,Approved,2025-10-05,48
1433,941,37,148,6+6,2025-06-17,Enrolled,37,Approved,2025-10-20,50
1434,941,12,45,Fall Bachelor,2025-03-24,Enrolled,54,Approved,2025-09-12,45
1435,942,50,197,Master/PhD,2025-05-03,Enrolled,65,Approved,2025-09-25,31
1436,942,28,109,6+6,2025-05-05,Enrolled,74,Pending,2025-11-07,34
1437,942,2,7,6+6,2025-03-20,Rejected,10,N/A,,38
1438,942,21,82,Fall Bachelor,2025-02-05,Enrolled,64,Pending,2025-06-28,33
1439,943,5,19,1+4,2025-05-27,Rejected,36,N/A,,25
1440,943,18,72,6+6,2025-02-21,Accepted,53,Pending,,9
1441,943,9,35,6+6,2025-04-11,Rejected,10,N/A,,25
1442,943,7,27,6+6,2025-01-16,Rejected,55,N/A,,35
1443,944,23,89,6+6,2025-06-25,Under Review,10,Pending,,23
1444,944,24,96,6+6,2025-05-11,Accepted,44,Approved,,27
1445,944,49,195,6+6,2025-05-01,Rejected,10,N/A,,40
1446,945,4,13,6+6,2025-04-06,Withdrawn,78,N/A,,24
1447,945,26,102,Fall Bachelor,2025-05-26,Enrolled,39,Pending,2025-10-10,25
1448,947,29,114,6+6,2025-03-17,Accepted,27,Approved,,44
1449,948,34,133,1+4,2025-06-07,Withdrawn,18,N/A,,18
1450,948,48,190,6+6,2025-04-14,Rejected,47,N/A,,11
1451,949,26,104,1+4,2025-06-04,Rejected,38,N/A,,16
1452,950,18,72,6+6,2025-06-30,Enrolled,46,Approved,2025-11-27,50
1453,950,32,128,1+4,2025-04-18,Accepted,38,Approved,,49
1454,951,26,102,Fall Bachelor,2025-06-30,Enrolled,22,Approved,2025-11-14,53
1455,953,19,73,6+6,2025-03-22,Accepted,71,Approved,,32
1456,954,3,9,6+6,2025-04-21,Rejected,70,N/A,,22
1457,954,25,99,6+6,2025-05-14,Enrolled,62,Pending,2025-10-05,44
1458,955,17,66,1+4,2025-06-01,Rejected,34,N/A,,41
1459,955,28,109,6+6,2025-04-16,Rejected,78,N/A,,32
1460,957,11,42,6+6,2025-06-30,Withdrawn,42,N/A,,24
1461,957,24,96,6+6,2025-06-30,Enrolled,42,Approved,2025-10-30,29
1462,957,42,167,1+4,2025-06-30,Rejected,39,N/A,,25
1463,957,44,175,6+6,2025-06-30,Rejected,47,N/A,,37
1464,958,24,93,6+6,2025-04-04,Withdrawn,39,N/A,,21
1465,958,16,63,1+4,2025-06-30,Enrolled,31,Approved,2025-11-28,28
1466,960,44,175,6+6,2025-05-08,Enrolled,84,Approved,2025-10-29,29
1467,960,11,43,Fall Bachelor,2025-06-17,Enrolled,29,Approved,2025-10-01,30
1468,960,10,37,1+4,2025-06-30,Enrolled,21,Approved,2025-10-28,38
1469,962,16,63,1+4,2025-06-30,Enrolled,51,Approved,2025-11-04,40
1470,962,37,146,6+6,2025-06-30,Enrolled,57,Approved,2025-11-21,42
1471,962,23,90,6+6,2025-06-30,Accepted,44,Approved,,42
1472,963,4,14,6+6,2025-04-20,Rejected,57,N/A,,38
1473,963,42,168,1+4,2025-02-15,Submitted,68,N/A,,34
1474,963,36,144,6+6,2025-06-01,Accepted,37,Approved,,37
1475,964,1,2,Fall Bachelor,2025-06-30,Rejected,11,N/A,,45
1476,965,39,153,6+6,2025-03-14,Enrolled,10,Approved,2025-06-20,36
1477,966,5,19,1+4,2025-05-16,Enrolled,23,Approved,2025-09-15,37
1478,967,5,18,6+6,2025-03-17,Enrolled,42,Approved,2025-07-02,48
1479,967,24,94,1+4,2025-04-19,Rejected,57,N/A,,38
1480,968,33,131,6+6,2025-06-23,Accepted,51,Approved,,35
1481,969,19,74,1+4,2025-02-18,Rejected,43,N/A,,35
1482,969,29,116,Fall Bachelor,2025-06-24,Enrolled,53,Approved,2025-12-09,47
1483,969,17,65,Fall Bachelor,2025-05-09,Enrolled,28,Approved,2025-10-04,29
1484,971,31,122,6+6,2025-05-08,Rejected,77,N/A,,35
1485,971,31,123,6+6,2025-04-21,Rejected,37,N/A,,37
1486,971,6,21,1+4,2025-06-30,Rejected,63,N/A,,27
1487,972,10,40,6+6,2025-06-30,Accepted,59,Approved,,51
1488,973,32,126,1+4,2025-04-17,Accepted,61,Approved,,40
1489,973,17,68,1+4,2025-04-23,Rejected,47,N/A,,39
1490,974,6,23,6+6,2025-06-27,Enrolled,44,Approved,2025-10-10,50
1491,975,40,158,Fall Bachelor,2025-01-30,Enrolled,72,Approved,2025-06-29,46
1492,975,49,194,6+6,2025-06-22,Withdrawn,71,N/A,,56
1493,977,2,7,6+6,2025-06-30,Withdrawn,54,N/A,,29
1494,978,13,49,1+4,2025-06-30,Rejected,27,N/A,,20
1495,978,10,40,6+6,2025-06-25,Accepted,66,Approved,,34
1496,978,1,3,6+6,2025-04-05,Withdrawn,27,N/A,,28
1497,978,11,42,6+6,2025-06-06,Enrolled,67,Approved,2025-10-12,42
1498,978,34,136,Fall Bachelor,2025-05-01,Withdrawn,54,N/A,,29
1499,979,8,32,1+4,2025-04-15,Enrolled,27,Approved,2025-07-26,44
1500,979,35,139,Fall Bachelor,2025-01-26,Enrolled,48,Approved,2025-05-28,32
1501,979,36,144,6+6,2025-03-15,Accepted,55,Approved,,59
1502,980,41,161,1+4,2025-06-18,Rejected,25,N/A,,36
1503,980,25,97,1+4,2025-06-03,Enrolled,64,Approved,2025-12-01,42
1504,980,43,170,6+6,2025-05-15,Withdrawn,17,N/A,,48
1505,981,41,163,Master/PhD,2025-02-10,Under Review,41,Pending,,35
1506,981,22,86,Master/PhD,2025-03-17,Enrolled,39,Approved,2025-07-07,35
1507,981,36,142,Master/PhD,2025-04-12,Withdrawn,25,N/A,,18
1508,981,40,159,Master/PhD,2025-02-25,Enrolled,71,Approved,2025-07-21,41
1509,982,10,40,6+6,2025-06-30,Withdrawn,66,N/A,,34
1510,982,47,186,1+4,2025-04-24,Withdrawn,49,N/A,,19
1511,982,28,109,6+6,2025-04-24,Enrolled,44,Approved,2025-09-26,21
1512,982,15,59,6+6,2025-05-10,Enrolled,65,Approved,2025-11-06,24
1513,983,35,140,6+6,2025-03-16,Accepted,50,Approved,,32
1514,984,24,95,1+4,2025-02-19,Submitted,32,N/A,,38
1515,985,12,46,6+6,2025-05-27,Enrolled,40,Approved,2025-10-10,28
1516,988,23,89,6+6,2025-06-14,Rejected,43,N/A,,47
1517,988,49,194,6+6,2025-06-30,Enrolled,15,Approved,2025-10-08,21
1518,992,35,139,Fall Bachelor,2025-05-12,Enrolled,68,Approved,2025-10-22,47
1519,992,5,18,6+6,2025-02-06,Enrolled,50,Approved,2025-06-17,38
1520,993,48,190,6+6,2025-06-08,Submitted,22,N/A,,20
1521,994,6,22,1+4,2025-06-30,Enrolled,86,Approved,2025-12-13,38
1522,994,48,192,6+6,2025-06-30,Enrolled,34,Approved,2025-11-26,51
1523,996,15,59,6+6,2025-06-30,Rejected,36,N/A,,32
1524,998,11,42,6+6,2025-04-20,Rejected,47,N/A,,13
1525,998,18,69,6+6,2025-06-30,Withdrawn,10,N/A,,9
1526,999,20,79,6+6,2025-05-01,Under Review,21,Pending,,34
1527,1000,14,54,6+6,2025-05-10,Withdrawn,85,N/A,,39
1528,1000,27,106,6+6,2025-02-23,Enrolled,10,Approved,2025-05-23,26
1529,1001,3,10,6+6,2025-06-30,Rejected,39,N/A,,34
1530,1001,20,77,1+4,2025-06-30,Enrolled,32,Approved,2025-11-24,31
1531,1001,13,51,Fall Bachelor,2025-06-30,Accepted,49,Approved,,35
1532,1002,15,57,1+4,2025-06-30,Rejected,35,N/A,,44
1533,1002,39,156,1+4,2025-05-14,Rejected,57,N/A,,36
1534,1003,3,12,6+6,2025-06-07,Rejected,13,N/A,,36
1535,1004,3,10,6+6,2025-04-11,Rejected,70,N/A,,29
1536,1006,18,69,6+6,2025-06-30,Rejected,10,N/A,,28
1537,1006,18,69,6+6,2025-06-30,Under Review,80,Pending,,26
1538,1006,32,128,1+4,2025-06-30,Rejected,44,N/A,,27
1539,1008,32,125,1+4,2025-05-12,Enrolled,29,Approved,2025-10-06,59
1540,1010,8,29,1+4,2025-06-30,Under Review,21,Pending,,19
1541,1010,38,152,6+6,2025-06-30,Under Review,63,Pending,,31
1542,1011,30,118,Fall Bachelor,2025-06-07,Enrolled,66,Approved,2025-10-12,51
1543,1012,3,9,6+6,2025-04-16,Enrolled,58,Approved,2025-08-16,45
1544,1012,4,15,Fall Bachelor,2025-05-25,Under Review,20,Pending,,48
1545,1014,21,84,6+6,2025-06-30,Enrolled,10,Approved,2025-09-13,52
1546,1014,46,183,1+4,2025-06-30,Enrolled,71,Approved,2025-12-30,38
1547,1015,2,5,6+6,2025-04-02,Rejected,43,N/A,,45
1548,1015,25,99,6+6,2025-05-23,Enrolled,51,Approved,2025-09-17,51
1549,1016,5,19,1+4,2025-06-18,Enrolled,14,Approved,2025-09-11,29
1550,1017,5,19,1+4,2025-04-09,Rejected,41,N/A,,34
1551,1019,48,192,6+6,2025-04-26,Enrolled,37,Approved,2025-08-14,39
1552,1020,20,77,1+4,2025-06-07,Under Review,63,Pending,,30
1553,1022,12,47,6+6,2025-01-24,Accepted,38,Approved,,25
1554,1023,5,18,6+6,2025-03-02,Under Review,64,Pending,,31
1555,1025,48,191,1+4,2025-06-30,Enrolled,35,Approved,2025-11-26,35
1556,1025,26,103,1+4,2025-06-15,Rejected,53,N/A,,34
1557,1025,34,134,Fall Bachelor,2025-05-09,Enrolled,43,Approved,2025-09-20,31
1558,1026,3,12,6+6,2025-06-30,Withdrawn,11,N/A,,39
1559,1026,18,71,Fall Bachelor,2025-06-30,Enrolled,21,Pending,2025-10-11,26
1560,1029,50,198,6+6,2025-06-30,Rejected,10,N/A,,3
1561,1029,41,164,6+6,2025-06-30,Rejected,57,N/A,,41
1562,1032,5,17,Fall Bachelor,2025-06-11,Accepted,30,Approved,,39
1563,1032,19,74,1+4,2025-06-30,Under Review,63,Pending,,47
1564,1032,3,12,6+6,2025-05-14,Withdrawn,19,N/A,,46
1565,1032,34,133,1+4,2025-05-09,Enrolled,76,Approved,2025-11-19,63
1566,1033,4,15,Fall Bachelor,2025-06-03,Withdrawn,35,N/A,,29
1567,1033,3,11,1+4,2025-06-30,Enrolled,35,Approved,2025-10-20,43
1568,1034,30,118,Fall Bachelor,2025-06-01,Enrolled,10,Approved,2025-08-17,21
1569,1035,23,90,6+6,2025-03-07,Withdrawn,78,N/A,,37
1570,1035,22,88,Fall Bachelor,2025-02-12,Enrolled,79,Approved,2025-07-12,7
1571,1037,15,58,Fall Bachelor,2025-06-30,Enrolled,45,Approved,2025-12-09,37
1572,1038,15,59,6+6,2025-06-30,Rejected,55,N/A,,26
1573,1039,15,59,6+6,2025-06-30,Rejected,51,N/A,,31
1574,1039,27,106,6+6,2025-06-18,Rejected,10,N/A,,29
1575,1039,50,198,6+6,2025-06-14,Accepted,11,Approved,,40
1576,1040,22,87,Fall Bachelor,2025-04-04,Rejected,19,N/A,,19
1577,1040,24,96,6+6,2025-06-30,Enrolled,12,Approved,2025-10-13,30
1578,1040,18,69,6+6,2025-04-04,Enrolled,10,Approved,2025-06-26,31
1579,1042,47,187,1+4,2025-06-30,Enrolled,10,Approved,2025-11-01,43
1580,1042,48,189,1+4,2025-06-30,Rejected,55,N/A,,28
1581,1043,12,48,Fall Bachelor,2025-06-30,Rejected,73,N/A,,42
1582,1044,19,75,6+6,2025-06-30,Rejected,43,N/A,,26
1583,1046,5,17,Fall Bachelor,2025-04-07,Enrolled,74,Approved,2025-09-07,40
1584,1046,4,15,Fall Bachelor,2025-04-10,Enrolled,56,Approved,2025-09-01,35
1585,1048,4,14,6+6,2025-04-25,Enrolled,57,Approved,2025-08-31,34
1586,1049,22,85,6+6,2025-02-28,Accepted,17,Approved,,24
1587,1049,43,169,6+6,2025-01-18,Enrolled,40,Approved,2025-05-02,25
1588,1049,23,90,6+6,2025-03-01,Rejected,27,N/A,,21
1589,1050,25,98,6+6,2025-06-30,Rejected,14,N/A,,27
1590,1050,26,104,1+4,2025-06-30,Withdrawn,35,N/A,,31
1591,1050,31,121,1+4,2025-06-30,Submitted,26,N/A,,23
1592,1050,2,5,6+6,2025-06-30,Under Review,20,Pending,,27
1593,1050,39,153,6+6,2025-06-30,Withdrawn,60,N/A,,30
1594,1051,12,46,6+6,2025-03-01,Enrolled,20,Approved,2025-06-13,56
1595,1051,8,32,1+4,2025-06-21,Enrolled,69,Approved,2025-12-27,41
1596,1051,32,128,1+4,2025-06-04,Enrolled,46,Approved,2025-10-09,34
1597,1052,48,192,6+6,2025-04-08,Rejected,37,N/A,,42
1598,1053,46,181,6+6,2025-04-24,Accepted,76,Approved,,28
1599,1054,48,189,1+4,2025-02-17,Enrolled,18,Pending,2025-06-23,22
1600,1055,33,130,Fall Bachelor,2025-06-30,Enrolled,66,Approved,2025-11-22,40
1601,1055,3,9,6+6,2025-06-30,Enrolled,45,Rejected,2025-11-28,34
1602,1057,15,60,1+4,2025-06-30,Withdrawn,60,N/A,,20
1603,1058,29,113,Fall Bachelor,2025-06-30,Enrolled,56,Approved,2025-11-20,20
1604,1059,30,119,Master/PhD,2025-06-22,Under Review,46,Pending,,36
1605,1059,35,138,Master/PhD,2025-06-27,Submitted,44,N/A,,29
1606,1059,50,197,Master/PhD,2025-06-30,Enrolled,78,Approved,2025-11-27,31
1607,1059,30,117,Master/PhD,2025-06-30,Rejected,80,N/A,,29
1608,1060,5,20,6+6,2025-05-04,Withdrawn,38,N/A,,35
1609,1060,38,149,1+4,2025-06-11,Rejected,42,N/A,,30
1610,1061,13,52,6+6,2025-06-06,Enrolled,12,Approved,2025-08-29,34
1611,1062,31,124,1+4,2025-06-25,Rejected,49,N/A,,48
1612,1062,17,65,Fall Bachelor,2025-04-13,Enrolled,60,Approved,2025-08-26,59
1613,1063,2,5,6+6,2025-06-28,Under Review,26,Pending,,12
1614,1063,17,68,1+4,2025-06-30,Rejected,67,N/A,,9
1615,1065,44,176,6+6,2025-04-26,Rejected,47,N/A,,44
1616,1065,18,71,Fall Bachelor,2025-04-13,Under Review,68,Pending,,51
1617,1065,8,31,Fall Bachelor,2025-06-01,Enrolled,75,Approved,2025-10-14,25
1618,1065,5,17,Fall Bachelor,2025-06-09,Rejected,62,N/A,,52
1619,1066,13,49,1+4,2025-06-30,Rejected,47,N/A,,35
1620,1066,15,59,6+6,2025-05-11,Enrolled,24,Approved,2025-08-13,35
1621,1067,13,50,1+4,2025-06-24,Rejected,38,N/A,,37
1622,1067,7,28,6+6,2025-05-17,Enrolled,65,Approved,2025-10-23,35
1623,1070,14,54,6+6,2025-06-30,Withdrawn,37,N/A,,25
1624,1070,49,195,6+6,2025-06-26,Withdrawn,23,N/A,,42
1625,1070,42,168,1+4,2025-06-30,Enrolled,83,Approved,2025-12-07,19
1626,1071,4,13,6+6,2025-05-26,Accepted,18,Approved,,43
1627,1071,38,149,1+4,2025-06-30,Rejected,47,N/A,,43
1628,1071,7,27,6+6,2025-05-15,Submitted,52,N/A,,41
1629,1072,34,134,Fall Bachelor,2025-03-21,Enrolled,56,Approved,2025-08-10,55
1630,1072,7,25,1+4,2025-04-24,Enrolled,24,Approved,2025-08-31,44
1631,1072,18,69,6+6,2025-06-30,Submitted,32,N/A,,41
1632,1072,40,160,6+6,2025-02-17,Enrolled,67,Approved,2025-08-08,44
1633,1073,46,181,6+6,2025-06-30,Rejected,19,N/A,,27
1634,1074,13,50,1+4,2025-06-30,Enrolled,40,Pending,2025-10-15,32
1635,1074,45,177,1+4,2025-06-25,Accepted,58,Approved,,42
1636,1074,19,75,6+6,2025-03-25,Enrolled,65,Rejected,2025-08-12,37
1637,1074,46,181,6+6,2025-03-25,Enrolled,55,Approved,2025-08-26,40
1638,1075,19,73,6+6,2025-06-23,Enrolled,53,Approved,2025-10-17,46
1639,1075,19,73,6+6,2025-06-13,Enrolled,55,Approved,2025-10-09,59
1640,1075,18,70,6+6,2025-06-14,Enrolled,37,Approved,2025-10-12,59
1641,1077,4,16,6+6,2025-06-18,Rejected,57,N/A,,23
1642,1077,11,44,6+6,2025-06-08,Withdrawn,32,N/A,,22
1643,1078,43,170,6+6,2025-01-04,Withdrawn,67,N/A,,46
1644,1078,11,41,Fall Bachelor,2025-02-12,Accepted,39,Approved,,26
1645,1079,46,182,6+6,2025-06-20,Enrolled,45,Approved,2025-11-19,37
1646,1079,22,85,6+6,2025-06-23,Rejected,32,N/A,,38
1647,1083,26,102,Fall Bachelor,2025-06-30,Enrolled,18,Approved,2025-10-08,49
1648,1083,14,54,6+6,2025-06-30,Enrolled,21,Approved,2025-11-02,39
1649,1084,46,183,1+4,2025-06-30,Rejected,19,N/A,,45
1650,1084,9,33,6+6,2025-06-30,Enrolled,76,Approved,2025-11-20,43
1651,1085,10,40,6+6,2025-06-30,Rejected,63,N/A,,32
1652,1085,22,85,6+6,2025-06-20,Enrolled,57,Approved,2025-10-31,12
1653,1085,14,55,6+6,2025-06-30,Enrolled,62,Approved,2025-11-01,26
1654,1086,49,195,6+6,2025-06-30,Enrolled,66,Approved,2025-11-15,37
1655,1086,23,89,6+6,2025-06-26,Rejected,83,N/A,,35
1656,1086,12,47,6+6,2025-06-30,Submitted,46,N/A,,43
1657,1087,3,10,6+6,2025-06-19,Enrolled,80,Approved,2025-11-18,33
1658,1087,44,175,6+6,2025-06-24,Enrolled,49,Rejected,2025-11-23,34
1659,1087,43,170,6+6,2025-05-22,Enrolled,53,Approved,2025-11-07,36
1660,1089,50,197,Master/PhD,2025-06-10,Enrolled,41,Approved,2025-11-13,42
1661,1089,36,142,Master/PhD,2025-06-17,Enrolled,53,Approved,2025-12-04,40
1662,1090,12,45,Fall Bachelor,2025-06-30,Withdrawn,60,N/A,,21
1663,1091,5,17,Fall Bachelor,2025-06-30,Withdrawn,40,N/A,,56
1664,1091,32,127,1+4,2025-06-30,Enrolled,13,Approved,2025-09-27,36
1665,1093,46,182,6+6,2025-06-05,Rejected,57,N/A,,30
1666,1094,18,70,6+6,2025-05-24,Rejected,10,N/A,,10
1667,1094,42,166,6+6,2025-01-28,Rejected,52,N/A,,1
1668,1095,13,52,6+6,2025-06-28,Rejected,53,N/A,,11
1669,1096,37,145,6+6,2025-06-30,Enrolled,54,Approved,2025-11-28,52
1670,1096,25,97,1+4,2025-06-30,Accepted,34,Approved,,43
1671,1096,3,10,6+6,2025-05-20,Enrolled,41,Approved,2025-10-02,61
1672,1098,19,73,6+6,2025-06-30,Rejected,13,N/A,,26
1673,1099,46,181,6+6,2025-03-23,Enrolled,49,Approved,2025-08-19,43
1674,1100,33,129,1+4,2025-06-30,Under Review,34,Pending,,31
1675,1101,35,138,Master/PhD,2025-06-30,Rejected,56,N/A,,37
1676,1105,44,176,6+6,2025-06-30,Enrolled,57,Approved,2025-10-25,39
1677,1105,4,13,6+6,2025-06-30,Withdrawn,37,N/A,,30
1678,1106,6,21,1+4,2025-06-30,Rejected,57,N/A,,41
1679,1106,27,106,6+6,2025-06-25,Enrolled,18,Approved,2025-10-22,53
1680,1107,16,61,6+6,2025-06-30,Enrolled,50,Approved,2025-12-15,42
1681,1108,32,127,1+4,2025-06-30,Enrolled,70,Approved,2025-11-22,39
1682,1108,24,94,1+4,2025-06-30,Enrolled,64,Approved,2025-12-12,36
1683,1108,26,103,1+4,2025-06-30,Rejected,13,N/A,,54
1684,1109,10,38,1+4,2025-06-30,Enrolled,46,Approved,2025-11-16,50
1685,1109,29,114,6+6,2025-06-30,Enrolled,47,Approved,2025-11-27,58
1686,1109,23,90,6+6,2025-06-30,Enrolled,34,Approved,2025-10-08,39
1687,1109,47,188,6+6,2025-06-30,Accepted,14,Pending,,44
1688,1112,10,38,1+4,2025-06-30,Enrolled,59,Approved,2025-11-16,43
1689,1113,32,128,1+4,2025-06-06,Under Review,46,Pending,,11
1690,1113,24,96,6+6,2025-06-30,Rejected,33,N/A,,4
1691,1114,46,183,1+4,2025-04-14,Enrolled,65,Approved,2025-10-05,37
1692,1115,3,12,6+6,2025-02-02,Enrolled,10,Approved,2025-05-20,39
1693,1115,31,124,1+4,2025-03-08,Submitted,54,N/A,,32
1694,1116,18,71,Fall Bachelor,2025-05-17,Enrolled,42,Approved,2025-09-24,43
1695,1116,2,7,6+6,2025-06-21,Rejected,14,N/A,,48
1696,1116,43,170,6+6,2025-05-19,Enrolled,59,Approved,2025-10-07,39
1697,1116,15,59,6+6,2025-06-30,Accepted,33,Approved,,35
1698,1118,7,28,6+6,2025-06-17,Rejected,79,N/A,,37
1699,1119,12,46,6+6,2025-06-30,Enrolled,55,Approved,2025-12-06,50
1700,1119,8,32,1+4,2025-06-30,Enrolled,14,Approved,2025-09-26,51
1701,1120,16,63,1+4,2025-04-14,Enrolled,19,Approved,2025-07-12,50
1702,1120,30,120,6+6,2025-03-26,Enrolled,10,Approved,2025-07-24,48
1703,1120,3,11,1+4,2025-03-24,Enrolled,33,Approved,2025-07-16,60
1704,1121,17,68,1+4,2025-06-30,Under Review,52,Pending,,28
1705,1122,8,29,1+4,2025-05-24,Enrolled,54,Approved,2025-11-10,51
1706,1122,42,166,6+6,2025-06-30,Rejected,33,N/A,,32
1707,1123,25,97,1+4,2025-06-30,Under Review,47,Pending,,46
1708,1123,14,56,1+4,2025-06-30,Rejected,61,N/A,,23
1709,1123,22,85,6+6,2025-06-09,Enrolled,24,Approved,2025-09-21,35
1710,1124,4,16,6+6,2025-06-30,Enrolled,35,Approved,2025-10-31,38
1711,1124,6,21,1+4,2025-06-30,Rejected,10,N/A,,38
1712,1126,3,11,1+4,2025-06-30,Rejected,53,N/A,,11
1713,1126,46,181,6+6,2025-06-30,Rejected,66,N/A,,17
1714,1126,46,181,6+6,2025-06-11,Enrolled,47,Approved,2025-10-19,23
1715,1126,33,131,6+6,2025-05-21,Rejected,63,N/A,,3
1716,1127,35,140,6+6,2025-03-19,Submitted,25,N/A,,16
1717,1128,24,93,6+6,2025-06-30,Enrolled,10,Approved,2025-09-14,29
1718,1129,45,179,6+6,2025-06-30,Enrolled,22,Approved,2025-10-08,37
1719,1129,3,9,6+6,2025-02-04,Rejected,23,N/A,,54
1720,1129,7,25,1+4,2025-04-29,Accepted,57,Approved,,48
1721,1131,47,185,Fall Bachelor,2025-06-30,Enrolled,12,Approved,2025-10-27,63
1722,1131,11,42,6+6,2025-06-30,Rejected,82,N/A,,27
1723,1132,5,20,6+6,2025-06-30,Rejected,37,N/A,,37
1724,1133,19,76,6+6,2025-05-09,Rejected,24,N/A,,10
1725,1133,50,199,6+6,2025-05-31,Enrolled,68,Approved,2025-12-03,13
1726,1134,26,103,1+4,2025-06-22,Rejected,63,N/A,,44
1727,1134,19,76,6+6,2025-06-07,Rejected,44,N/A,,31
1728,1135,6,21,1+4,2025-05-27,Rejected,45,N/A,,45
1729,1137,28,109,6+6,2025-06-03,Enrolled,59,Approved,2025-11-26,26
1730,1137,19,75,6+6,2025-05-26,Enrolled,10,Approved,2025-09-29,34
1731,1138,3,10,6+6,2025-06-23,Enrolled,10,Approved,2025-10-10,55
1732,1139,6,21,1+4,2025-04-10,Rejected,57,N/A,,48
1733,1139,42,167,1+4,2025-04-21,Enrolled,58,Approved,2025-10-12,42
1734,1139,24,94,1+4,2025-05-14,Enrolled,60,Approved,2025-11-08,51
1735,1140,24,94,1+4,2025-06-30,Enrolled,10,Approved,2025-10-21,49
1736,1141,6,23,6+6,2025-06-24,Withdrawn,72,N/A,,23
1737,1141,32,126,1+4,2025-03-16,Rejected,65,N/A,,22
1738,1142,21,83,6+6,2025-03-17,Enrolled,39,Pending,2025-07-27,53
1739,1142,12,47,6+6,2025-03-16,Accepted,69,Pending,,40
1740,1144,13,49,1+4,2025-06-30,Rejected,36,N/A,,49
1741,1147,22,87,Fall Bachelor,2025-06-30,Enrolled,64,Approved,2025-11-04,31
1742,1147,3,9,6+6,2025-06-30,Withdrawn,60,N/A,,29
1743,1148,15,57,1+4,2025-06-30,Enrolled,74,Approved,2025-11-18,37
1744,1150,38,151,Fall Bachelor,2025-06-30,Rejected,40,N/A,,52
1745,1150,33,131,6+6,2025-06-30,Enrolled,45,Approved,2025-10-17,52
1746,1150,2,6,6+6,2025-06-30,Enrolled,49,Approved,2025-12-07,49
1747,1151,4,13,6+6,2025-03-15,Rejected,10,N/A,,38
1748,1152,31,121,1+4,2025-05-19,Accepted,12,Approved,,31
1749,1152,3,9,6+6,2025-03-23,Rejected,73,N/A,,32
1750,1154,45,177,1+4,2025-06-30,Enrolled,72,Approved,2025-12-17,38
1751,1154,1,1,Fall Bachelor,2025-06-30,Withdrawn,52,N/A,,55
1752,1156,14,53,1+4,2025-05-13,Enrolled,10,Approved,2025-09-09,35
1753,1157,35,137,1+4,2025-06-18,Enrolled,37,Approved,2025-09-23,43
1754,1159,34,133,1+4,2025-06-30,Rejected,47,N/A,,25
1755,1160,5,18,6+6,2025-05-20,Rejected,51,N/A,,18
1756,1161,20,79,6+6,2025-04-27,Enrolled,54,Approved,2025-10-05,20
1757,1162,31,122,6+6,2025-06-30,Accepted,49,Approved,,39
1758,1163,19,73,6+6,2025-06-30,Rejected,20,N/A,,43
1759,1164,2,5,6+6,2025-06-30,Rejected,60,N/A,,17
1760,1164,31,124,1+4,2025-06-30,Rejected,46,N/A,,28
1761,1167,48,190,6+6,2025-04-06,Under Review,56,Pending,,34
1762,1168,13,52,6+6,2025-02-04,Accepted,20,Rejected,,21
1763,1168,20,77,1+4,2025-02-14,Enrolled,10,Pending,2025-05-23,33
1764,1168,10,37,1+4,2025-06-01,Rejected,20,N/A,,27
1765,1172,5,18,6+6,2025-06-30,Rejected,68,N/A,,28
1766,1175,37,147,1+4,2025-06-30,Enrolled,39,Pending,2025-10-18,59
1767,1176,18,71,Fall Bachelor,2025-06-21,Rejected,53,N/A,,37
1768,1176,43,171,Fall Bachelor,2025-06-30,Enrolled,27,Approved,2025-11-08,49
1769,1177,16,61,6+6,2025-04-17,Withdrawn,25,N/A,,56
1770,1177,19,74,1+4,2025-06-30,Enrolled,28,Approved,2025-10-11,58
1771,1178,8,32,1+4,2025-04-08,Rejected,21,N/A,,22
1772,1179,5,20,6+6,2025-05-26,Accepted,54,Approved,,40
1773,1180,14,55,6+6,2025-06-30,Withdrawn,53,N/A,,31
1774,1180,34,135,6+6,2025-03-15,Enrolled,66,Approved,2025-08-07,19
1775,1180,7,27,6+6,2025-03-21,Enrolled,59,Approved,2025-08-10,29
1776,1180,44,176,6+6,2025-03-13,Enrolled,56,Approved,2025-08-26,25
1777,1181,3,12,6+6,2025-03-24,Withdrawn,45,N/A,,31
1778,1181,40,158,Fall Bachelor,2025-06-30,Under Review,62,Pending,,36
1779,1182,34,135,6+6,2025-05-17,Withdrawn,67,N/A,,16
1780,1184,30,120,6+6,2025-03-19,Enrolled,44,Approved,2025-07-17,53
1781,1185,37,146,6+6,2025-06-30,Accepted,48,Approved,,53
1782,1186,32,127,1+4,2025-06-09,Enrolled,82,Approved,2025-12-13,37
1783,1188,22,85,6+6,2025-06-30,Rejected,30,N/A,,29
1784,1188,31,124,1+4,2025-04-28,Rejected,67,N/A,,32
1785,1188,15,60,1+4,2025-05-20,Rejected,84,N/A,,37
1786,1189,19,76,6+6,2025-03-17,Enrolled,52,Approved,2025-07-18,48
1787,1190,37,145,6+6,2025-05-10,Rejected,32,N/A,,13
1788,1190,11,44,6+6,2025-04-20,Withdrawn,64,N/A,,20
1789,1190,43,169,6+6,2025-04-08,Rejected,38,N/A,,19
1790,1191,36,143,1+4,2025-06-03,Enrolled,53,Approved,2025-11-03,44
1791,1191,31,123,6+6,2025-05-28,Enrolled,16,Approved,2025-08-18,34
1792,1192,49,196,1+4,2025-03-14,Under Review,56,Pending,,43
1793,1192,12,48,Fall Bachelor,2025-02-25,Rejected,48,N/A,,35
1794,1192,16,62,1+4,2025-03-18,Enrolled,58,Approved,2025-09-08,33
1795,1193,31,122,6+6,2025-06-30,Rejected,37,N/A,,11
1796,1194,48,191,1+4,2025-06-30,Rejected,35,N/A,,36
1797,1195,44,173,1+4,2025-06-15,Rejected,35,N/A,,36
1798,1197,38,150,1+4,2025-04-18,Rejected,45,N/A,,6
1799,1197,24,96,6+6,2025-04-04,Withdrawn,53,N/A,,22
1800,1197,26,103,1+4,2025-05-02,Rejected,35,N/A,,13
1801,1198,10,39,1+4,2025-04-13,Enrolled,83,Approved,2025-09-14,40
1802,1199,3,11,1+4,2025-06-30,Rejected,14,N/A,,34
1803,1200,10,40,6+6,2025-03-22,Rejected,43,N/A,,41
1804,1200,46,181,6+6,2025-04-03,Enrolled,12,Rejected,2025-07-29,52
1805,1200,10,39,1+4,2025-03-28,Enrolled,29,Approved,2025-08-20,46
1806,1200,35,140,6+6,2025-01-27,Enrolled,38,Pending,2025-06-26,37
1807,1201,33,130,Fall Bachelor,2025-05-07,Enrolled,21,Approved,2025-09-19,33
1808,1203,5,20,6+6,2025-03-09,Enrolled,67,Approved,2025-09-06,37
1809,1203,13,51,Fall Bachelor,2025-06-01,Enrolled,32,Pending,2025-09-06,39
1810,1203,31,122,6+6,2025-03-11,Enrolled,57,Approved,2025-08-14,57
1811,1203,34,134,Fall Bachelor,2025-05-02,Rejected,23,N/A,,43
1812,1205,2,5,6+6,2025-06-30,Enrolled,32,Pending,2025-10-08,61
1813,1206,45,179,6+6,2025-06-23,Enrolled,48,Approved,2025-11-26,39
1814,1206,8,32,1+4,2025-05-26,Rejected,41,N/A,,59
1815,1206,45,178,1+4,2025-05-22,Enrolled,45,Approved,2025-09-23,33
1816,1207,38,151,Fall Bachelor,2025-02-13,Rejected,91,N/A,,42
1817,1207,33,129,1+4,2025-01-03,Accepted,76,Rejected,,49
1818,1207,32,128,1+4,2025-01-04,Under Review,33,Pending,,51
1819,1207,13,50,1+4,2025-03-09,Rejected,13,N/A,,33
1820,1207,42,168,1+4,2025-01-19,Enrolled,71,Approved,2025-06-01,36
1821,1208,47,187,1+4,2025-06-30,Enrolled,55,Pending,2025-11-05,23
1822,1208,28,111,1+4,2025-06-30,Rejected,51,N/A,,38
1823,1209,2,8,1+4,2025-06-30,Enrolled,10,Approved,2025-10-27,42
1824,1212,27,106,6+6,2025-06-20,Rejected,46,N/A,,28
1825,1212,48,192,6+6,2025-06-30,Submitted,14,N/A,,31
1826,1212,10,40,6+6,2025-06-30,Rejected,47,N/A,,24
1827,1212,31,122,6+6,2025-06-30,Rejected,58,N/A,,22
1828,1213,38,152,6+6,2025-03-14,Rejected,41,N/A,,8
1829,1213,30,120,6+6,2025-04-11,Rejected,35,N/A,,2
1830,1214,28,110,Master/PhD,2025-06-21,Enrolled,48,Approved,2025-11-15,25
1831,1214,8,30,Master/PhD,2025-06-30,Rejected,42,N/A,,44
1832,1215,26,103,1+4,2025-02-08,Submitted,62,N/A,,35
1833,1216,18,72,6+6,2025-03-09,Accepted,53,Approved,,46
1834,1216,19,76,6+6,2025-05-24,Rejected,35,N/A,,26
1835,1217,7,27,6+6,2025-06-30,Rejected,21,N/A,,16
1836,1217,33,131,6+6,2025-06-30,Under Review,46,Pending,,7
1837,1218,13,49,1+4,2025-06-30,Rejected,54,N/A,,47
1838,1218,24,93,6+6,2025-06-30,Enrolled,59,Approved,2025-12-24,31
1839,1218,12,47,6+6,2025-06-30,Withdrawn,47,N/A,,49
1840,1220,3,12,6+6,2025-06-30,Rejected,17,N/A,,35
1841,1221,24,96,6+6,2025-06-30,Enrolled,34,Approved,2025-11-10,32
1842,1222,18,69,6+6,2025-06-30,Rejected,27,N/A,,36
1843,1222,47,188,6+6,2025-06-30,Enrolled,66,Approved,2025-11-14,42
1844,1222,34,135,6+6,2025-05-04,Enrolled,26,Approved,2025-09-22,35
1845,1222,43,170,6+6,2025-06-30,Accepted,44,Approved,,38
1846,1223,9,33,6+6,2025-05-17,Withdrawn,57,N/A,,38
1847,1224,11,41,Fall Bachelor,2025-06-24,Enrolled,57,Approved,2025-11-24,57
1848,1226,18,69,6+6,2025-04-16,Under Review,40,Pending,,18
1849,1227,42,165,Fall Bachelor,2025-06-30,Withdrawn,97,N/A,,32
1850,1227,41,161,1+4,2025-06-30,Enrolled,26,Approved,2025-10-11,29
1851,1227,44,176,6+6,2025-06-30,Enrolled,49,Approved,2025-12-05,28
1852,1231,27,108,Master/PhD,2025-04-21,Enrolled,51,Approved,2025-09-28,21
1853,1232,5,20,6+6,2025-05-30,Enrolled,28,Approved,2025-09-22,52
1854,1232,2,5,6+6,2025-06-06,Enrolled,38,Approved,2025-09-19,58
1855,1233,11,44,6+6,2025-06-02,Accepted,56,Approved,,41
1856,1233,27,105,Fall Bachelor,2025-06-30,Enrolled,39,Approved,2025-11-11,45
1857,1234,18,70,6+6,2025-05-11,Rejected,51,N/A,,36
1858,1234,11,42,6+6,2025-05-26,Enrolled,10,Approved,2025-09-14,24
1859,1236,49,194,6+6,2025-05-25,Accepted,56,Approved,,39
1860,1236,43,170,6+6,2025-06-30,Rejected,29,N/A,,39
1861,1236,4,13,6+6,2025-06-30,Enrolled,38,Approved,2025-10-14,39
1862,1236,31,122,6+6,2025-05-13,Under Review,29,Pending,,31
1863,1237,43,169,6+6,2025-06-28,Enrolled,53,Approved,2025-11-03,12
1864,1237,28,109,6+6,2025-04-22,Rejected,57,N/A,,14
1865,1239,38,152,6+6,2025-06-30,Under Review,38,Pending,,11
1866,1240,47,185,Fall Bachelor,2025-06-30,Enrolled,50,Approved,2025-11-08,32
1867,1241,5,17,Fall Bachelor,2025-06-30,Enrolled,14,Approved,2025-10-24,37
1868,1242,5,18,6+6,2025-02-07,Rejected,25,N/A,,30
1869,1243,46,183,1+4,2025-06-30,Under Review,58,Pending,,34
1870,1244,22,85,6+6,2025-06-26,Under Review,17,Pending,,30
1871,1244,46,183,1+4,2025-03-18,Rejected,55,N/A,,30
1872,1244,46,182,6+6,2025-04-12,Rejected,43,N/A,,22
1873,1244,22,85,6+6,2025-02-19,Under Review,38,Pending,,44
1874,1245,18,70,6+6,2025-06-30,Withdrawn,32,N/A,,27
1875,1248,35,140,6+6,2025-03-26,Withdrawn,46,N/A,,49
1876,1250,3,10,6+6,2025-03-04,Rejected,19,N/A,,47
1877,1250,6,23,6+6,2025-05-02,Enrolled,38,Approved,2025-09-02,39
1878,1250,13,52,6+6,2025-02-25,Enrolled,40,Approved,2025-08-04,44
1879,1250,7,27,6+6,2025-04-10,Rejected,29,N/A,,36
1880,1251,3,10,6+6,2025-02-12,Accepted,15,Approved,,39
1881,1252,14,56,1+4,2025-06-30,Under Review,62,Pending,,23
1882,1253,46,182,6+6,2025-06-30,Enrolled,16,Approved,2025-10-01,23
1883,1254,20,77,1+4,2025-06-30,Rejected,79,N/A,,38
1884,1258,31,122,6+6,2025-03-16,Enrolled,56,Approved,2025-08-07,48
1885,1260,47,188,6+6,2025-06-08,Enrolled,49,Approved,2025-10-23,42
1886,1260,10,39,1+4,2025-06-30,Accepted,19,Approved,,43
1887,1261,12,46,6+6,2025-06-20,Rejected,33,N/A,,22
1888,1262,49,195,6+6,2025-06-30,Enrolled,23,Approved,2025-10-10,36
1889,1262,35,137,1+4,2025-06-30,Enrolled,74,Approved,2025-11-18,37
1890,1262,17,67,1+4,2025-06-30,Enrolled,40,Approved,2025-10-15,27
1891,1263,23,91,Fall Bachelor,2025-04-26,Enrolled,48,Rejected,2025-08-19,49
1892,1264,18,71,Fall Bachelor,2025-05-08,Rejected,23,N/A,,56
1893,1266,12,45,Fall Bachelor,2025-06-28,Under Review,50,Pending,,49
1894,1266,10,39,1+4,2025-05-24,Rejected,43,N/A,,42
1895,1267,24,94,1+4,2025-06-10,Rejected,59,N/A,,31
1896,1268,10,38,1+4,2025-06-18,Enrolled,30,Approved,2025-10-20,27
1897,1271,24,93,6+6,2025-05-12,Accepted,66,Pending,,30
1898,1273,37,147,1+4,2025-05-19,Enrolled,70,Approved,2025-11-19,29
1899,1274,21,84,6+6,2025-06-30,Enrolled,56,Approved,2025-10-26,54
1900,1274,25,97,1+4,2025-06-30,Withdrawn,19,N/A,,46
1901,1274,1,3,6+6,2025-06-30,Enrolled,39,Approved,2025-11-04,40
1902,1274,2,6,6+6,2025-06-30,Enrolled,60,Approved,2025-10-29,34
1903,1275,34,135,6+6,2025-06-30,Rejected,10,N/A,,25
1904,1276,25,98,6+6,2025-06-22,Accepted,41,Rejected,,42
1905,1278,9,34,6+6,2025-03-27,Rejected,42,N/A,,52
1906,1278,6,21,1+4,2025-04-12,Enrolled,45,Pending,2025-08-03,36
1907,1280,34,133,1+4,2025-06-30,Enrolled,86,Approved,2025-12-07,47
1908,1282,49,196,1+4,2025-03-05,Enrolled,16,Approved,2025-07-08,47
1909,1282,4,13,6+6,2025-04-18,Enrolled,51,Approved,2025-08-17,42
1910,1283,47,188,6+6,2025-05-02,Rejected,38,N/A,,15
1911,1283,37,146,6+6,2025-05-27,Rejected,52,N/A,,17
1912,1283,11,44,6+6,2025-06-30,Rejected,36,N/A,,19
1913,1283,19,73,6+6,2025-04-10,Withdrawn,36,N/A,,14
1914,1284,23,89,6+6,2025-05-18,Rejected,32,N/A,,16
1915,1284,44,175,6+6,2025-05-15,Rejected,50,N/A,,29
1916,1287,36,144,6+6,2025-03-25,Enrolled,31,Approved,2025-07-03,46
1917,1287,38,152,6+6,2025-04-24,Enrolled,18,Approved,2025-07-29,54
1918,1287,1,3,6+6,2025-05-02,Enrolled,56,Approved,2025-08-28,47
1919,1287,32,127,1+4,2025-04-04,Enrolled,14,Approved,2025-07-01,60
1920,1288,15,57,1+4,2025-06-03,Rejected,62,N/A,,21
1921,1288,21,83,6+6,2025-06-30,Enrolled,16,Approved,2025-09-19,43
1922,1289,10,40,6+6,2025-06-22,Rejected,22,N/A,,40
1923,1292,45,179,6+6,2025-06-02,Enrolled,44,Approved,2025-09-27,43
1924,1294,8,31,Fall Bachelor,2025-06-19,Accepted,64,Approved,,31
1925,1294,3,12,6+6,2025-06-30,Enrolled,51,Approved,2025-12-18,36
1926,1294,1,1,Fall Bachelor,2025-06-30,Enrolled,21,Approved,2025-10-09,42
1927,1295,49,194,6+6,2025-06-30,Enrolled,86,Approved,2025-12-31,54
1928,1295,46,181,6+6,2025-06-30,Enrolled,13,Approved,2025-09-22,52
1929,1295,5,17,Fall Bachelor,2025-06-30,Enrolled,30,Approved,2025-11-15,44
1930,1295,18,72,6+6,2025-06-18,Enrolled,10,Approved,2025-09-01,56
1931,1295,5,18,6+6,2025-06-30,Accepted,60,Approved,,50
1932,1296,4,13,6+6,2025-06-30,Rejected,23,N/A,,41
1933,1296,29,115,1+4,2025-05-26,Accepted,58,Approved,,41
1934,1298,2,8,1+4,2025-03-19,Enrolled,58,Approved,2025-07-27,47
1935,1299,8,32,1+4,2025-06-30,Rejected,58,N/A,,59
1936,1300,13,50,1+4,2025-04-18,Rejected,30,N/A,,50
1937,1301,38,150,1+4,2025-06-30,Enrolled,35,Approved,2025-10-11,60
1938,1301,40,160,6+6,2025-06-30,Withdrawn,60,N/A,,39
1939,1301,35,140,6+6,2025-06-30,Enrolled,11,Rejected,2025-09-20,51
1940,1302,19,76,6+6,2025-04-08,Under Review,26,Pending,,57
1941,1304,19,76,6+6,2025-05-26,Submitted,31,N/A,,30
1942,1304,34,135,6+6,2025-06-14,Enrolled,22,Approved,2025-10-29,36
1943,1306,15,59,6+6,2025-06-30,Enrolled,62,Approved,2025-11-28,34
1944,1306,23,90,6+6,2025-06-28,Rejected,32,N/A,,45
1945,1306,2,5,6+6,2025-06-30,Rejected,39,N/A,,45
1946,1306,46,181,6+6,2025-05-10,Enrolled,41,Approved,2025-10-07,48
1947,1306,50,200,6+6,2025-06-04,Accepted,56,Approved,,37
1948,1307,29,114,6+6,2025-06-30,Rejected,25,N/A,,10
1949,1308,14,55,6+6,2025-06-03,Enrolled,42,Approved,2025-09-25,47
1950,1308,28,109,6+6,2025-06-30,Rejected,25,N/A,,45
1951,1309,4,13,6+6,2025-06-30,Rejected,50,N/A,,33
1952,1309,30,120,6+6,2025-06-30,Enrolled,53,Approved,2025-12-07,30
1953,1310,16,62,1+4,2025-03-22,Rejected,49,N/A,,22
1954,1311,7,26,1+4,2025-03-10,Enrolled,22,Approved,2025-07-06,25
1955,1311,37,145,6+6,2025-06-08,Withdrawn,40,N/A,,50
1956,1311,17,67,1+4,2025-04-05,Enrolled,31,Approved,2025-07-18,35
1957,1311,14,55,6+6,2025-06-30,Enrolled,27,Approved,2025-11-18,43
1958,1311,9,35,6+6,2025-06-06,Rejected,56,N/A,,28
1959,1312,21,84,6+6,2025-06-30,Enrolled,36,Approved,2025-10-10,38
1960,1313,44,176,6+6,2025-04-17,Enrolled,55,Approved,2025-08-18,31
1961,1313,36,144,6+6,2025-03-11,Accepted,64,Approved,,36
1962,1314,48,190,6+6,2025-04-13,Rejected,48,N/A,,48
1963,1315,7,25,1+4,2025-06-18,Enrolled,42,Approved,2025-11-04,28
1964,1316,1,3,6+6,2025-05-27,Withdrawn,40,N/A,,48
1965,1317,39,156,1+4,2025-06-30,Enrolled,33,Approved,2025-10-29,29
1966,1318,32,128,1+4,2025-06-30,Enrolled,50,Approved,2025-11-15,36
1967,1319,36,144,6+6,2025-06-30,Enrolled,34,Approved,2025-11-08,59
1968,1319,40,160,6+6,2025-06-30,Enrolled,63,Approved,2025-12-02,52
1969,1319,11,44,6+6,2025-06-30,Enrolled,32,Approved,2025-10-18,47
1970,1319,35,137,1+4,2025-06-30,Enrolled,10,Approved,2025-09-28,59
1971,1319,31,124,1+4,2025-06-30,Enrolled,47,Pending,2025-10-18,51
1972,1320,8,32,1+4,2025-06-05,Enrolled,40,Approved,2025-10-03,36
1973,1321,12,45,Fall Bachelor,2025-04-08,Enrolled,59,Approved,2025-10-03,50
1974,1321,24,93,6+6,2025-06-15,Enrolled,10,Approved,2025-09-07,52
1975,1321,43,169,6+6,2025-04-24,Accepted,51,Approved,,34
1976,1322,13,51,Fall Bachelor,2025-02-10,Enrolled,39,Approved,2025-06-10,31
1977,1322,13,49,1+4,2025-03-28,Enrolled,26,Approved,2025-08-19,24
1978,1323,20,79,6+6,2025-06-30,Rejected,36,N/A,,22
1979,1323,50,199,6+6,2025-06-10,Withdrawn,63,N/A,,8
1980,1324,4,16,6+6,2025-05-11,Enrolled,21,Approved,2025-09-17,33
1981,1324,38,152,6+6,2025-06-03,Enrolled,45,Approved,2025-10-08,33
1982,1325,26,104,1+4,2025-03-09,Rejected,11,N/A,,31
1983,1326,11,42,6+6,2025-06-30,Enrolled,40,Pending,2025-12-01,36
1984,1326,21,84,6+6,2025-06-30,Enrolled,51,Approved,2025-12-14,38
1985,1328,9,36,1+4,2025-05-17,Enrolled,34,Approved,2025-09-19,41
1986,1329,34,133,1+4,2025-06-28,Accepted,81,Approved,,23
1987,1330,37,146,6+6,2025-06-30,Rejected,69,N/A,,31
1988,1330,37,146,6+6,2025-06-30,Rejected,86,N/A,,23
1989,1331,50,199,6+6,2025-01-28,Rejected,66,N/A,,53
1990,1331,23,89,6+6,2025-04-27,Enrolled,35,Approved,2025-08-13,51
1991,1332,20,79,6+6,2025-03-26,Enrolled,36,Approved,2025-07-19,37
1992,1332,6,24,6+6,2025-03-10,Rejected,36,N/A,,41
1993,1333,31,122,6+6,2025-06-30,Rejected,44,N/A,,45
1994,1334,20,79,6+6,2025-03-24,Enrolled,30,Rejected,2025-08-14,26
1995,1334,18,69,6+6,2025-06-20,Rejected,44,N/A,,30
1996,1335,37,147,1+4,2025-03-11,Accepted,47,Approved,,27
1997,1336,31,122,6+6,2025-03-07,Rejected,58,N/A,,41
1998,1337,45,179,6+6,2025-05-28,Enrolled,61,Approved,2025-10-13,36
1999,1337,30,118,Fall Bachelor,2025-06-30,Enrolled,39,Approved,2025-11-19,34
2000,1337,1,4,1+4,2025-06-30,Enrolled,58,Approved,2025-12-02,36
2001,1338,21,84,6+6,2025-05-18,Enrolled,53,Approved,2025-10-24,43
2002,1338,48,189,1+4,2025-02-19,Enrolled,18,Approved,2025-06-21,37
2003,1339,2,6,6+6,2025-06-06,Enrolled,37,Approved,2025-10-06,24
2004,1339,38,152,6+6,2025-06-30,Rejected,51,N/A,,27
2005,1340,20,77,1+4,2025-02-13,Withdrawn,72,N/A,,60
2006,1340,5,17,Fall Bachelor,2025-05-07,Accepted,61,Approved,,61
2007,1341,48,189,1+4,2025-05-21,Enrolled,61,Approved,2025-10-14,39
2008,1342,42,167,1+4,2025-06-30,Rejected,38,N/A,,44
2009,1342,2,7,6+6,2025-06-30,Rejected,41,N/A,,38
2010,1342,27,105,Fall Bachelor,2025-06-30,Accepted,24,Approved,,38
2011,1343,29,114,6+6,2025-06-07,Enrolled,81,Approved,2025-11-21,27
2012,1343,43,169,6+6,2025-06-28,Enrolled,41,Approved,2025-10-19,34
2013,1346,40,157,Master/PhD,2025-05-05,Enrolled,30,Approved,2025-09-06,26
2014,1346,27,107,Master/PhD,2025-06-30,Enrolled,28,Approved,2025-09-30,30
2015,1347,6,23,6+6,2025-06-27,Rejected,54,N/A,,7
2016,1347,2,6,6+6,2025-05-18,Withdrawn,62,N/A,,23
2017,1347,37,145,6+6,2025-06-30,Enrolled,66,Approved,2025-11-16,45
2018,1347,14,53,1+4,2025-06-30,Enrolled,16,Approved,2025-10-09,34
2019,1347,37,146,6+6,2025-05-10,Withdrawn,44,N/A,,10
2020,1348,25,100,Master/PhD,2025-06-03,Rejected,62,N/A,,56
2021,1348,8,30,Master/PhD,2025-04-12,Enrolled,57,Approved,2025-08-14,41
2022,1348,44,174,Master/PhD,2025-02-27,Enrolled,43,Approved,2025-08-01,62
2023,1348,35,138,Master/PhD,2025-03-13,Accepted,44,Approved,,64
2024,1349,1,1,Fall Bachelor,2025-05-03,Rejected,64,N/A,,36
2025,1350,14,53,1+4,2025-02-28,Enrolled,49,Approved,2025-06-30,31
2026,1352,43,171,Fall Bachelor,2025-02-20,Enrolled,24,Approved,2025-07-08,33
2027,1353,13,52,6+6,2025-06-30,Rejected,49,N/A,,23
2028,1353,32,128,1+4,2025-06-30,Rejected,54,N/A,,10
2029,1353,36,143,1+4,2025-06-19,Rejected,52,N/A,,13
2030,1354,2,8,1+4,2025-06-30,Rejected,34,N/A,,46
2031,1355,42,168,1+4,2025-06-19,Enrolled,54,Approved,2025-11-09,32
2032,1356,26,104,1+4,2025-02-03,Enrolled,61,Approved,2025-07-12,45
2033,1357,5,17,Fall Bachelor,2025-06-30,Under Review,71,Pending,,44
2034,1358,26,104,1+4,2025-03-25,Rejected,57,N/A,,31
2035,1359,15,57,1+4,2025-06-30,Under Review,48,Pending,,42
2036,1360,29,114,6+6,2025-06-26,Rejected,50,N/A,,39
2037,1361,41,161,1+4,2025-03-08,Enrolled,62,Approved,2025-07-15,52
2038,1361,46,184,1+4,2025-02-15,Enrolled,47,Approved,2025-06-25,45
2039,1361,14,56,1+4,2025-04-07,Enrolled,34,Approved,2025-08-14,49
2040,1362,9,33,6+6,2025-06-30,Accepted,10,Approved,,48
2041,1363,47,188,6+6,2025-06-30,Enrolled,32,Rejected,2025-10-08,46
2042,1363,10,38,1+4,2025-06-30,Rejected,61,N/A,,40
2043,1365,19,75,6+6,2025-04-17,Submitted,40,N/A,,37
2044,1368,48,189,1+4,2025-02-07,Enrolled,54,Approved,2025-06-15,36
2045,1368,33,131,6+6,2025-05-18,Enrolled,62,Approved,2025-11-06,25
2046,1369,8,29,1+4,2025-05-18,Enrolled,49,Pending,2025-09-06,46
2047,1370,19,73,6+6,2025-03-24,Rejected,64,N/A,,20
2048,1370,31,123,6+6,2025-04-24,Withdrawn,10,N/A,,8
2049,1371,47,186,1+4,2025-06-08,Enrolled,39,Approved,2025-10-07,27
2050,1371,36,143,1+4,2025-06-30,Withdrawn,52,N/A,,29
2051,1371,37,145,6+6,2025-06-08,Rejected,38,N/A,,18
2052,1373,25,97,1+4,2025-06-30,Enrolled,22,Approved,2025-09-21,51
2053,1373,49,195,6+6,2025-06-30,Enrolled,30,Approved,2025-11-01,25
2054,1373,14,55,6+6,2025-06-30,Enrolled,69,Approved,2025-12-30,37
2055,1373,17,67,1+4,2025-06-30,Enrolled,35,Approved,2025-10-12,20
2056,1374,50,198,6+6,2025-06-18,Rejected,28,N/A,,34
2057,1374,20,79,6+6,2025-06-30,Enrolled,52,Approved,2025-11-26,34
2058,1374,21,84,6+6,2025-04-22,Rejected,69,N/A,,34
2059,1374,47,188,6+6,2025-06-30,Accepted,39,Approved,,39
2060,1375,32,126,1+4,2025-06-30,Accepted,33,Approved,,43
2061,1375,31,124,1+4,2025-04-10,Rejected,36,N/A,,62
2062,1376,36,144,6+6,2025-06-30,Enrolled,25,Approved,2025-10-10,28
2063,1378,29,114,6+6,2025-03-22,Rejected,46,N/A,,28
2064,1378,5,18,6+6,2025-05-09,Enrolled,45,Approved,2025-10-19,33
2065,1379,11,44,6+6,2025-06-10,Enrolled,53,Approved,2025-10-13,46
2066,1379,15,58,Fall Bachelor,2025-02-18,Enrolled,69,Approved,2025-07-25,55
2067,1379,10,40,6+6,2025-02-01,Enrolled,20,Approved,2025-05-29,54
2068,1379,50,199,6+6,2025-02-09,Accepted,40,Approved,,56
2069,1380,31,122,6+6,2025-06-21,Rejected,47,N/A,,35
2070,1380,10,40,6+6,2025-04-10,Enrolled,36,Approved,2025-08-12,32
2071,1380,4,13,6+6,2025-06-07,Enrolled,46,Approved,2025-10-31,36
2072,1381,30,120,6+6,2025-06-30,Rejected,60,N/A,,26
2073,1382,21,82,Fall Bachelor,2025-06-28,Submitted,36,N/A,,36
2074,1383,5,19,1+4,2025-06-30,Enrolled,39,Approved,2025-11-15,34
2075,1384,10,38,1+4,2025-06-30,Rejected,25,N/A,,39
2076,1384,16,63,1+4,2025-06-19,Enrolled,54,Approved,2025-11-15,38
2077,1385,2,8,1+4,2025-05-14,Rejected,93,N/A,,48
2078,1385,31,124,1+4,2025-06-30,Enrolled,37,Approved,2025-11-24,54
2079,1385,43,170,6+6,2025-06-30,Enrolled,40,Approved,2025-10-19,51
2080,1388,17,68,1+4,2025-02-05,Enrolled,37,Approved,2025-06-18,36
2081,1388,15,57,1+4,2025-02-20,Enrolled,68,Approved,2025-07-08,30
2082,1388,33,129,1+4,2025-05-22,Enrolled,27,Approved,2025-09-09,35
2083,1389,3,12,6+6,2025-04-07,Rejected,10,N/A,,39
2084,1389,34,135,6+6,2025-03-09,Enrolled,48,Approved,2025-07-25,20
2085,1389,11,44,6+6,2025-05-20,Under Review,75,Pending,,44
2086,1390,21,84,6+6,2025-06-30,Enrolled,32,Approved,2025-11-13,40
2087,1390,25,97,1+4,2025-06-30,Enrolled,10,Approved,2025-10-14,43
2088,1391,1,4,1+4,2025-06-30,Accepted,64,Approved,,33
2089,1391,31,124,1+4,2025-05-11,Enrolled,22,Approved,2025-09-15,18
2090,1392,17,65,Fall Bachelor,2025-06-22,Accepted,19,Approved,,18
2091,1393,3,12,6+6,2025-02-26,Accepted,42,Approved,,41
2092,1394,14,54,6+6,2025-06-06,Rejected,34,N/A,,56
2093,1394,17,67,1+4,2025-06-30,Withdrawn,36,N/A,,38
2094,1394,11,42,6+6,2025-06-16,Rejected,45,N/A,,53
2095,1394,19,76,6+6,2025-06-30,Enrolled,44,Approved,2025-10-19,41
2096,1395,5,18,6+6,2025-02-18,Rejected,24,N/A,,56
2097,1396,33,131,6+6,2025-06-12,Rejected,26,N/A,,24
2098,1397,41,164,6+6,2025-06-30,Rejected,92,N/A,,20
2099,1397,30,120,6+6,2025-06-15,Rejected,16,N/A,,28
2100,1397,18,70,6+6,2025-05-03,Enrolled,50,Approved,2025-10-06,25
2101,1397,46,182,6+6,2025-06-07,Under Review,28,Pending,,35
2102,1398,11,42,6+6,2025-06-30,Submitted,58,N/A,,20
2103,1399,3,10,6+6,2025-05-11,Rejected,48,N/A,,37
2104,1400,2,7,6+6,2025-06-03,Rejected,25,N/A,,26
2105,1401,24,95,1+4,2025-04-13,Withdrawn,77,N/A,,40
2106,1401,32,126,1+4,2025-04-10,Enrolled,29,Approved,2025-07-21,27
2107,1402,48,192,6+6,2025-06-09,Enrolled,47,Approved,2025-10-23,53
2108,1403,32,128,1+4,2025-06-30,Withdrawn,50,N/A,,48
2109,1403,13,50,1+4,2025-06-25,Enrolled,40,Approved,2025-11-09,43
2110,1404,22,85,6+6,2025-05-15,Enrolled,43,Rejected,2025-09-22,28
2111,1404,1,3,6+6,2025-06-30,Rejected,47,N/A,,35
2112,1405,37,145,6+6,2025-03-21,Enrolled,36,Approved,2025-07-27,43
2113,1406,32,128,1+4,2025-06-06,Enrolled,38,Approved,2025-10-02,28
2114,1406,19,74,1+4,2025-03-16,Rejected,37,N/A,,36
2115,1406,22,85,6+6,2025-03-17,Rejected,25,N/A,,30
2116,1407,33,131,6+6,2025-03-27,Enrolled,27,Approved,2025-07-12,32
2117,1407,36,141,Fall Bachelor,2025-06-26,Enrolled,40,Approved,2025-11-04,38
2118,1407,2,6,6+6,2025-06-30,Enrolled,75,Approved,2025-12-06,50
2119,1408,38,150,1+4,2025-06-30,Rejected,65,N/A,,40
2120,1409,12,47,6+6,2025-06-30,Enrolled,42,Approved,2025-11-05,56
2121,1410,20,77,1+4,2025-04-11,Withdrawn,23,N/A,,25
2122,1410,31,124,1+4,2025-04-29,Enrolled,33,Approved,2025-07-31,33
2123,1412,23,90,6+6,2025-06-30,Under Review,85,Pending,,14
2124,1412,36,144,6+6,2025-06-30,Rejected,10,N/A,,27
2125,1412,49,194,6+6,2025-05-28,Rejected,62,N/A,,20
2126,1412,13,52,6+6,2025-06-06,Rejected,52,N/A,,19
2127,1413,22,88,Fall Bachelor,2025-06-30,Rejected,73,N/A,,33
2128,1413,5,18,6+6,2025-06-30,Enrolled,28,Approved,2025-10-18,32
2129,1414,7,28,6+6,2025-06-30,Accepted,61,Approved,,48
2130,1415,18,72,6+6,2025-02-08,Accepted,10,Approved,,32
2131,1415,40,158,Fall Bachelor,2025-02-03,Enrolled,55,Approved,2025-07-19,36
2132,1416,11,44,6+6,2025-05-12,Rejected,13,N/A,,34
2133,1417,33,131,6+6,2025-06-30,Rejected,10,N/A,,38
2134,1417,10,37,1+4,2025-06-30,Rejected,18,N/A,,35
2135,1417,49,196,1+4,2025-06-30,Enrolled,120,Approved,2025-12-31,32
2136,1420,37,145,6+6,2025-05-15,Rejected,63,N/A,,16
2137,1420,25,99,6+6,2025-06-25,Rejected,53,N/A,,22
2138,1423,24,93,6+6,2025-03-12,Withdrawn,56,N/A,,18
2139,1424,13,49,1+4,2025-04-28,Accepted,42,Pending,,39
2140,1425,15,60,1+4,2025-06-30,Withdrawn,12,N/A,,16
2141,1426,26,104,1+4,2025-05-17,Enrolled,63,Approved,2025-10-31,38
2142,1427,11,42,6+6,2025-06-30,Rejected,55,N/A,,28
2143,1429,33,131,6+6,2025-04-11,Enrolled,71,Approved,2025-10-10,62
2144,1430,43,170,6+6,2025-06-30,Enrolled,36,Rejected,2025-10-14,32
2145,1430,6,23,6+6,2025-06-30,Enrolled,65,Approved,2025-11-21,52
2146,1430,14,53,1+4,2025-06-30,Withdrawn,45,N/A,,42
2147,1431,15,58,Fall Bachelor,2025-02-14,Enrolled,26,Approved,2025-06-25,57
2148,1431,13,50,1+4,2025-02-20,Enrolled,72,Approved,2025-08-02,56
2149,1431,10,40,6+6,2025-02-14,Accepted,46,Approved,,66
2150,1431,11,42,6+6,2025-06-09,Enrolled,78,Approved,2025-12-22,49
2151,1432,17,66,1+4,2025-04-22,Enrolled,44,Approved,2025-08-30,36
2152,1433,10,39,1+4,2025-06-30,Rejected,50,N/A,,40
2153,1433,6,23,6+6,2025-06-16,Enrolled,64,Approved,2025-12-16,37
2154,1434,4,16,6+6,2025-05-08,Enrolled,69,Approved,2025-10-13,60
2155,1434,34,135,6+6,2025-03-20,Enrolled,44,Rejected,2025-07-26,52
2156,1434,9,35,6+6,2025-01-22,Enrolled,38,Approved,2025-05-18,53
2157,1435,25,97,1+4,2025-03-28,Enrolled,53,Approved,2025-07-30,50
2158,1436,18,72,6+6,2025-05-10,Rejected,57,N/A,,17
2159,1436,30,120,6+6,2025-01-20,Withdrawn,10,N/A,,25
2160,1436,50,200,6+6,2025-05-31,Enrolled,56,Approved,2025-10-13,24
2161,1436,13,50,1+4,2025-03-07,Enrolled,58,Approved,2025-07-20,14
2162,1438,35,140,6+6,2025-05-03,Enrolled,66,Approved,2025-09-29,45
2163,1438,4,15,Fall Bachelor,2025-04-20,Enrolled,37,Approved,2025-08-01,40
2164,1438,7,25,1+4,2025-06-02,Rejected,12,N/A,,33
2165,1439,6,21,1+4,2025-04-22,Withdrawn,41,N/A,,36
2166,1441,12,47,6+6,2025-04-23,Rejected,18,N/A,,39
2167,1442,6,23,6+6,2025-03-25,Enrolled,34,Approved,2025-08-05,44
2168,1443,4,16,6+6,2025-03-24,Withdrawn,73,N/A,,23
2169,1444,31,124,1+4,2025-02-07,Withdrawn,54,N/A,,38
2170,1444,35,137,1+4,2025-04-20,Enrolled,44,Approved,2025-08-10,35
2171,1446,28,109,6+6,2025-04-29,Rejected,21,N/A,,21
2172,1447,40,160,6+6,2025-06-06,Enrolled,70,Approved,2025-11-08,13
2173,1448,35,140,6+6,2025-02-17,Enrolled,12,Approved,2025-05-28,57
2174,1448,29,113,Fall Bachelor,2025-04-07,Rejected,57,N/A,,33
2175,1448,47,185,Fall Bachelor,2025-01-27,Rejected,37,N/A,,15
2176,1448,24,93,6+6,2025-04-02,Accepted,59,Pending,,35
2177,1449,9,35,6+6,2025-05-24,Withdrawn,51,N/A,,16
2178,1449,23,90,6+6,2025-06-28,Enrolled,62,Approved,2025-10-29,22
2179,1452,24,96,6+6,2025-05-31,Enrolled,52,Approved,2025-10-05,41
2180,1452,48,189,1+4,2025-06-30,Enrolled,73,Approved,2025-12-31,28
2181,1454,17,67,1+4,2025-04-17,Rejected,60,N/A,,31
2182,1454,8,32,1+4,2025-04-23,Accepted,106,Approved,,33
2183,1454,14,56,1+4,2025-04-18,Enrolled,61,Approved,2025-10-02,40
2184,1454,5,17,Fall Bachelor,2025-03-27,Enrolled,33,Approved,2025-08-21,22
2185,1456,26,101,Fall Bachelor,2025-06-30,Enrolled,33,Approved,2025-11-02,53
2186,1457,4,16,6+6,2025-04-29,Withdrawn,10,N/A,,28
2187,1458,27,106,6+6,2025-04-14,Enrolled,73,Approved,2025-09-20,37
2188,1458,8,32,1+4,2025-04-03,Enrolled,28,Rejected,2025-07-15,37
2189,1459,5,20,6+6,2025-06-30,Withdrawn,85,N/A,,44
2190,1459,10,40,6+6,2025-06-30,Withdrawn,32,N/A,,50
2191,1460,28,112,Fall Bachelor,2025-05-15,Withdrawn,10,N/A,,31
2192,1461,45,179,6+6,2025-06-30,Enrolled,47,Approved,2025-11-24,46
2193,1462,47,186,1+4,2025-04-05,Enrolled,65,Approved,2025-09-18,27
2194,1462,26,104,1+4,2025-04-07,Accepted,44,Approved,,34
2195,1462,43,170,6+6,2025-06-30,Rejected,42,N/A,,34
2196,1463,35,139,Fall Bachelor,2025-06-27,Under Review,28,Pending,,34
2197,1463,20,78,6+6,2025-06-30,Enrolled,77,Approved,2025-11-20,41
2198,1465,30,120,6+6,2025-05-08,Rejected,28,N/A,,40
2199,1466,24,95,1+4,2025-04-18,Rejected,64,N/A,,28
2200,1466,15,57,1+4,2025-06-30,Enrolled,57,Approved,2025-11-20,36
2201,1467,26,102,Fall Bachelor,2025-06-30,Enrolled,49,Approved,2025-11-10,49
2202,1469,31,122,6+6,2025-04-27,Enrolled,60,Rejected,2025-10-18,19
2203,1470,7,26,1+4,2025-06-30,Rejected,30,N/A,,53
2204,1470,49,196,1+4,2025-06-30,Enrolled,46,Approved,2025-11-21,55
2205,1470,6,21,1+4,2025-06-30,Rejected,41,N/A,,35
2206,1470,44,173,1+4,2025-06-30,Enrolled,35,Approved,2025-10-07,60
2207,1471,47,188,6+6,2025-05-25,Enrolled,17,Approved,2025-09-10,37
2208,1473,15,57,1+4,2025-06-30,Rejected,32,N/A,,25
2209,1473,15,60,1+4,2025-06-25,Rejected,54,N/A,,16
2210,1474,24,96,6+6,2025-05-02,Enrolled,10,Approved,2025-08-20,51
2211,1475,7,26,1+4,2025-06-20,Enrolled,59,Approved,2025-10-17,45
2212,1476,7,27,6+6,2025-06-30,Under Review,89,Pending,,43
2213,1476,13,52,6+6,2025-06-30,Rejected,39,N/A,,39
2214,1477,7,28,6+6,2025-06-09,Enrolled,51,Rejected,2025-11-21,51
2215,1477,37,148,6+6,2025-06-30,Accepted,53,Approved,,49
2216,1477,23,90,6+6,2025-06-30,Rejected,48,N/A,,53
2217,1477,4,16,6+6,2025-06-02,Enrolled,42,Rejected,2025-10-29,46
2218,1478,15,59,6+6,2025-06-30,Enrolled,63,Approved,2025-12-01,50
2219,1478,14,54,6+6,2025-05-20,Accepted,65,Approved,,52
2220,1478,9,36,1+4,2025-06-24,Enrolled,41,Approved,2025-11-16,43
2221,1478,24,95,1+4,2025-06-30,Enrolled,48,Approved,2025-10-29,54
2222,1480,31,123,6+6,2025-04-08,Enrolled,52,Approved,2025-09-16,42
2223,1481,26,102,Fall Bachelor,2025-06-30,Enrolled,46,Approved,2025-10-18,53
2224,1482,12,45,Fall Bachelor,2025-02-14,Rejected,73,N/A,,39
2225,1482,3,9,6+6,2025-06-22,Under Review,38,Pending,,34
2226,1483,5,20,6+6,2025-06-30,Enrolled,61,Approved,2025-11-04,47
2227,1485,49,193,Fall Bachelor,2025-06-30,Enrolled,39,Pending,2025-10-14,19
2228,1486,35,137,1+4,2025-03-13,Enrolled,72,Approved,2025-08-26,34
2229,1487,43,169,6+6,2025-02-09,Enrolled,58,Approved,2025-06-17,48
2230,1488,33,130,Fall Bachelor,2025-06-07,Enrolled,48,Pending,2025-11-18,30
2231,1488,7,27,6+6,2025-06-30,Rejected,50,N/A,,26
2232,1488,9,36,1+4,2025-06-30,Enrolled,48,Approved,2025-11-23,29
2233,1490,43,169,6+6,2025-02-27,Withdrawn,68,N/A,,22
2234,1492,31,121,1+4,2025-06-30,Rejected,84,N/A,,23
2235,1492,41,164,6+6,2025-06-24,Submitted,50,N/A,,25
2236,1493,32,125,1+4,2025-06-30,Enrolled,58,Approved,2025-12-15,29
2237,1494,4,13,6+6,2025-06-17,Accepted,40,Approved,,33
2238,1494,35,137,1+4,2025-04-08,Enrolled,51,Approved,2025-08-13,34
2239,1496,7,27,6+6,2025-06-28,Enrolled,45,Approved,2025-10-21,30
2240,1496,4,16,6+6,2025-06-21,Rejected,35,N/A,,32
2241,1496,9,35,6+6,2025-06-30,Rejected,10,N/A,,34
2242,1497,3,12,6+6,2025-03-10,Enrolled,49,Pending,2025-08-16,48
2243,1497,12,46,6+6,2025-03-21,Enrolled,52,Approved,2025-08-28,57
2244,1497,32,126,1+4,2025-04-09,Enrolled,33,Approved,2025-07-12,40
2245,1498,36,141,Fall Bachelor,2025-05-24,Enrolled,33,Approved,2025-10-11,24
2246,1498,2,8,1+4,2025-04-12,Enrolled,85,Approved,2025-09-15,39
2247,1498,1,1,Fall Bachelor,2025-03-05,Under Review,59,Pending,,49
2248,1499,37,146,6+6,2025-02-14,Withdrawn,30,N/A,,22
2249,1499,31,124,1+4,2025-02-27,Enrolled,58,Approved,2025-08-04,26
2250,1500,43,170,6+6,2025-02-09,Rejected,14,N/A,,25
